,Sxfm,Dxfm,Dataset1,Dataset2,Average
0,raw,combat,BMB_1,BMB_1,0.349015035592147
1,raw,combat,BMB_1,BNU1,0.3489944616031255
2,raw,combat,BMB_1,BNU2,0.3489883809489226
3,raw,combat,BMB_1,BNU3,0.3489565404942345
4,raw,combat,BMB_1,HNU1,0.3489862766974216
5,raw,combat,BMB_1,IACAS_1,0.3489897959976492
6,raw,combat,BMB_1,IBATRT,0.3490462301268113
7,raw,combat,BMB_1,IPCAS_1,0.34893086880973667
8,raw,combat,BMB_1,IPCAS_2,0.34898076171027786
9,raw,combat,BMB_1,IPCAS_3,0.34895178018964945
10,raw,combat,BMB_1,IPCAS_4,0.349002816222643
11,raw,combat,BMB_1,IPCAS_5,0.34897277410769206
12,raw,combat,BMB_1,IPCAS_6,0.3490143522156833
13,raw,combat,BMB_1,IPCAS_7,0.34898380584890565
14,raw,combat,BMB_1,IPCAS_8,0.3490504443187291
15,raw,combat,BMB_1,JHNU,0.348980353687334
16,raw,combat,BMB_1,MRN_1,0.3489442735146095
17,raw,combat,BMB_1,NYU_1,0.34904479571997993
18,raw,combat,BMB_1,NYU_2,0.349016583776803
19,raw,combat,BMB_1,SWU1,0.3490413646063326
20,raw,combat,BMB_1,SWU2,0.3490098741728436
21,raw,combat,BMB_1,SWU3,0.3489968788917064
22,raw,combat,BMB_1,SWU4,0.34900086806362374
23,raw,combat,BMB_1,UPSM_1,0.34905014216376273
24,raw,combat,BMB_1,UWM,0.3490428011422912
25,raw,combat,BMB_1,Utah1,0.3490737784012819
26,raw,combat,BMB_1,XHCUMS,0.3490637495772494
27,raw,combat,BNU1,BMB_1,0.3489944616031255
28,raw,combat,BNU1,BNU1,0.34897117029479974
29,raw,combat,BNU1,BNU2,0.34896595734836905
30,raw,combat,BNU1,BNU3,0.3489346658826761
31,raw,combat,BNU1,HNU1,0.3489738324953404
32,raw,combat,BNU1,IACAS_1,0.3489587209924207
33,raw,combat,BNU1,IBATRT,0.34902577868004664
34,raw,combat,BNU1,IPCAS_1,0.3489043776439521
35,raw,combat,BNU1,IPCAS_2,0.34895128150415733
36,raw,combat,BNU1,IPCAS_3,0.3489216970529439
37,raw,combat,BNU1,IPCAS_4,0.34896979709461645
38,raw,combat,BNU1,IPCAS_5,0.3489423009547781
39,raw,combat,BNU1,IPCAS_6,0.34899058033410507
40,raw,combat,BNU1,IPCAS_7,0.3489631272394576
41,raw,combat,BNU1,IPCAS_8,0.349018974626709
42,raw,combat,BNU1,JHNU,0.3489494183368148
43,raw,combat,BNU1,MRN_1,0.3489151993362366
44,raw,combat,BNU1,NYU_1,0.34902140853915564
45,raw,combat,BNU1,NYU_2,0.3490088831995423
46,raw,combat,BNU1,SWU1,0.34902233742713185
47,raw,combat,BNU1,SWU2,0.3489803617891618
48,raw,combat,BNU1,SWU3,0.34896461629088377
49,raw,combat,BNU1,SWU4,0.3489917892866232
50,raw,combat,BNU1,UPSM_1,0.349037766480679
51,raw,combat,BNU1,UWM,0.3490192596847396
52,raw,combat,BNU1,Utah1,0.3490528640723699
53,raw,combat,BNU1,XHCUMS,0.3490520453715638
54,raw,combat,BNU2,BMB_1,0.3489883809489226
55,raw,combat,BNU2,BNU1,0.34896595734836905
56,raw,combat,BNU2,BNU2,0.34896127453208364
57,raw,combat,BNU2,BNU3,0.34893188097025263
58,raw,combat,BNU2,HNU1,0.34897096252785925
59,raw,combat,BNU2,IACAS_1,0.34895283481686046
60,raw,combat,BNU2,IBATRT,0.34901741629186545
61,raw,combat,BNU2,IPCAS_1,0.34890279924658024
62,raw,combat,BNU2,IPCAS_2,0.34894628669494876
63,raw,combat,BNU2,IPCAS_3,0.34891876837387154
64,raw,combat,BNU2,IPCAS_4,0.34896251088196917
65,raw,combat,BNU2,IPCAS_5,0.3489378375421681
66,raw,combat,BNU2,IPCAS_6,0.34898384658183534
67,raw,combat,BNU2,IPCAS_7,0.3489589753660608
68,raw,combat,BNU2,IPCAS_8,0.3490068819046021
69,raw,combat,BNU2,JHNU,0.34894432464858627
70,raw,combat,BNU2,MRN_1,0.3489127913338204
71,raw,combat,BNU2,NYU_1,0.349012234658675
72,raw,combat,BNU2,NYU_2,0.34900624004316777
73,raw,combat,BNU2,SWU1,0.3490148196820326
74,raw,combat,BNU2,SWU2,0.348972931568622
75,raw,combat,BNU2,SWU3,0.3489579757301918
76,raw,combat,BNU2,SWU4,0.3489891974772783
77,raw,combat,BNU2,UPSM_1,0.3490321146007047
78,raw,combat,BNU2,UWM,0.3490102194117875
79,raw,combat,BNU2,Utah1,0.3490418485578501
80,raw,combat,BNU2,XHCUMS,0.3490459536310461
81,raw,combat,BNU3,BMB_1,0.3489565404942345
82,raw,combat,BNU3,BNU1,0.3489346658826761
83,raw,combat,BNU3,BNU2,0.34893188097025263
84,raw,combat,BNU3,BNU3,0.3489077945793073
85,raw,combat,BNU3,HNU1,0.3489530503632423
86,raw,combat,BNU3,IACAS_1,0.34891523843191563
87,raw,combat,BNU3,IBATRT,0.348979872033857
88,raw,combat,BNU3,IPCAS_1,0.3488788428288411
89,raw,combat,BNU3,IPCAS_2,0.34891179882025886
90,raw,combat,BNU3,IPCAS_3,0.3488890568734827
91,raw,combat,BNU3,IPCAS_4,0.3489204823042689
92,raw,combat,BNU3,IPCAS_5,0.348904067297111
93,raw,combat,BNU3,IPCAS_6,0.348948427836137
94,raw,combat,BNU3,IPCAS_7,0.3489320692573172
95,raw,combat,BNU3,IPCAS_8,0.3489546059935121
96,raw,combat,BNU3,JHNU,0.3489087343729547
97,raw,combat,BNU3,MRN_1,0.3488850303422472
98,raw,combat,BNU3,NYU_1,0.3489710196975283
99,raw,combat,BNU3,NYU_2,0.34899235864021355
100,raw,combat,BNU3,SWU1,0.34898024444591697
101,raw,combat,BNU3,SWU2,0.34893250633554207
102,raw,combat,BNU3,SWU3,0.3489178949704516
103,raw,combat,BNU3,SWU4,0.34897446476788163
104,raw,combat,BNU3,UPSM_1,0.3490065986782874
105,raw,combat,BNU3,UWM,0.34896924370369586
106,raw,combat,BNU3,Utah1,0.3489975225946387
107,raw,combat,BNU3,XHCUMS,0.3490196863372192
108,raw,combat,HNU1,BMB_1,0.3489862766974216
109,raw,combat,HNU1,BNU1,0.3489738324953404
110,raw,combat,HNU1,BNU2,0.34897096252785925
111,raw,combat,HNU1,BNU3,0.3489530503632423
112,raw,combat,HNU1,HNU1,0.34897477313953107
113,raw,combat,HNU1,IACAS_1,0.348968568930677
114,raw,combat,HNU1,IBATRT,0.3490019957467502
115,raw,combat,HNU1,IPCAS_1,0.34893828737265725
116,raw,combat,HNU1,IPCAS_2,0.348964703457429
117,raw,combat,HNU1,IPCAS_3,0.34894994748241337
118,raw,combat,HNU1,IPCAS_4,0.34897375960713095
119,raw,combat,HNU1,IPCAS_5,0.34896055643396806
120,raw,combat,HNU1,IPCAS_6,0.3489836965028082
121,raw,combat,HNU1,IPCAS_7,0.34896912998072055
122,raw,combat,HNU1,IPCAS_8,0.34899384215133805
123,raw,combat,HNU1,JHNU,0.34896414259589403
124,raw,combat,HNU1,MRN_1,0.3489459705202073
125,raw,combat,HNU1,NYU_1,0.3489983008965272
126,raw,combat,HNU1,NYU_2,0.3490010398660824
127,raw,combat,HNU1,SWU1,0.34900122628094293
128,raw,combat,HNU1,SWU2,0.34897837790078096
129,raw,combat,HNU1,SWU3,0.3489714149330202
130,raw,combat,HNU1,SWU4,0.3489877793539388
131,raw,combat,HNU1,UPSM_1,0.34901542910965766
132,raw,combat,HNU1,UWM,0.34899726371612905
133,raw,combat,HNU1,Utah1,0.34901369234974566
134,raw,combat,HNU1,XHCUMS,0.3490246365320274
135,raw,combat,IACAS_1,BMB_1,0.3489897959976492
136,raw,combat,IACAS_1,BNU1,0.3489587209924207
137,raw,combat,IACAS_1,BNU2,0.34895283481686046
138,raw,combat,IACAS_1,BNU3,0.34891523843191563
139,raw,combat,IACAS_1,HNU1,0.348968568930677
140,raw,combat,IACAS_1,IACAS_1,0.3489347277914723
141,raw,combat,IACAS_1,IBATRT,0.34903081538949565
142,raw,combat,IACAS_1,IPCAS_1,0.34887236129557236
143,raw,combat,IACAS_1,IPCAS_2,0.34892673950411063
144,raw,combat,IACAS_1,IPCAS_3,0.3488876559024355
145,raw,combat,IACAS_1,IPCAS_4,0.3489479616115392
146,raw,combat,IACAS_1,IPCAS_5,0.3489135681116038
147,raw,combat,IACAS_1,IPCAS_6,0.3489835842949435
148,raw,combat,IACAS_1,IPCAS_7,0.34895074501635287
149,raw,combat,IACAS_1,IPCAS_8,0.34902432874083694
150,raw,combat,IACAS_1,JHNU,0.3489223427929867
151,raw,combat,IACAS_1,MRN_1,0.34888122131826643
152,raw,combat,IACAS_1,NYU_1,0.34902569940668765
153,raw,combat,IACAS_1,NYU_2,0.34900873596401305
154,raw,combat,IACAS_1,SWU1,0.3490258155079703
155,raw,combat,IACAS_1,SWU2,0.3489662739775056
156,raw,combat,IACAS_1,SWU3,0.34894146191580766
157,raw,combat,IACAS_1,SWU4,0.34898981667979095
158,raw,combat,IACAS_1,UPSM_1,0.34904265092908887
159,raw,combat,IACAS_1,UWM,0.3490227075401546
160,raw,combat,IACAS_1,Utah1,0.3490692432009536
161,raw,combat,IACAS_1,XHCUMS,0.34905940749389697
162,raw,combat,IBATRT,BMB_1,0.3490462301268113
163,raw,combat,IBATRT,BNU1,0.34902577868004664
164,raw,combat,IBATRT,BNU2,0.34901741629186545
165,raw,combat,IBATRT,BNU3,0.348979872033857
166,raw,combat,IBATRT,HNU1,0.3490019957467502
167,raw,combat,IBATRT,IACAS_1,0.34903081538949565
168,raw,combat,IBATRT,IBATRT,0.3490836635684084
169,raw,combat,IBATRT,IPCAS_1,0.3489550719030916
170,raw,combat,IBATRT,IPCAS_2,0.3490175314721157
171,raw,combat,IBATRT,IPCAS_3,0.3489832278838977
172,raw,combat,IBATRT,IPCAS_4,0.349050090581472
173,raw,combat,IBATRT,IPCAS_5,0.3490090245169513
174,raw,combat,IBATRT,IPCAS_6,0.34905040026882467
175,raw,combat,IBATRT,IPCAS_7,0.3490097983604112
176,raw,combat,IBATRT,IPCAS_8,0.3491105313993465
177,raw,combat,IBATRT,JHNU,0.3490189109343957
178,raw,combat,IBATRT,MRN_1,0.3489732498767126
179,raw,combat,IBATRT,NYU_1,0.34908741286388156
180,raw,combat,IBATRT,NYU_2,0.34902816993028085
181,raw,combat,IBATRT,SWU1,0.3490751060579758
182,raw,combat,IBATRT,SWU2,0.34905376747959715
183,raw,combat,IBATRT,SWU3,0.34904139713566046
184,raw,combat,IBATRT,SWU4,0.3490133291375929
185,raw,combat,IBATRT,UPSM_1,0.34907306619121287
186,raw,combat,IBATRT,UWM,0.34908519033445706
187,raw,combat,IBATRT,Utah1,0.3491191888747783
188,raw,combat,IBATRT,XHCUMS,0.3490872843440004
189,raw,combat,IPCAS_1,BMB_1,0.34893086880973667
190,raw,combat,IPCAS_1,BNU1,0.3489043776439521
191,raw,combat,IPCAS_1,BNU2,0.34890279924658024
192,raw,combat,IPCAS_1,BNU3,0.3488788428288411
193,raw,combat,IPCAS_1,HNU1,0.34893828737265725
194,raw,combat,IPCAS_1,IACAS_1,0.34887236129557236
195,raw,combat,IPCAS_1,IBATRT,0.3489550719030916
196,raw,combat,IPCAS_1,IPCAS_1,0.34884227219667313
197,raw,combat,IPCAS_1,IPCAS_2,0.3488714173675568
198,raw,combat,IPCAS_1,IPCAS_3,0.34884722519225875
199,raw,combat,IPCAS_1,IPCAS_4,0.34887445035705184
200,raw,combat,IPCAS_1,IPCAS_5,0.34886194857441016
201,raw,combat,IPCAS_1,IPCAS_6,0.3489177878659636
202,raw,combat,IPCAS_1,IPCAS_7,0.3489055286617266
203,raw,combat,IPCAS_1,IPCAS_8,0.34891128307069685
204,raw,combat,IPCAS_1,JHNU,0.34886596794875424
205,raw,combat,IPCAS_1,MRN_1,0.34884467153664295
206,raw,combat,IPCAS_1,NYU_1,0.34894153399343464
207,raw,combat,IPCAS_1,NYU_2,0.34898425908390285
208,raw,combat,IPCAS_1,SWU1,0.34895751459346197
209,raw,combat,IPCAS_1,SWU2,0.348892457532368
210,raw,combat,IPCAS_1,SWU3,0.3488731040961646
211,raw,combat,IPCAS_1,SWU4,0.3489643735391675
212,raw,combat,IPCAS_1,UPSM_1,0.34899350150197717
213,raw,combat,IPCAS_1,UWM,0.3489394760958193
214,raw,combat,IPCAS_1,Utah1,0.3489725084000819
215,raw,combat,IPCAS_1,XHCUMS,0.3490078338908706
216,raw,combat,IPCAS_2,BMB_1,0.34898076171027786
217,raw,combat,IPCAS_2,BNU1,0.34895128150415733
218,raw,combat,IPCAS_2,BNU2,0.34894628669494876
219,raw,combat,IPCAS_2,BNU3,0.34891179882025886
220,raw,combat,IPCAS_2,HNU1,0.348964703457429
221,raw,combat,IPCAS_2,IACAS_1,0.34892673950411063
222,raw,combat,IPCAS_2,IBATRT,0.3490175314721157
223,raw,combat,IPCAS_2,IPCAS_1,0.3488714173675568
224,raw,combat,IPCAS_2,IPCAS_2,0.3489202783893326
225,raw,combat,IPCAS_2,IPCAS_3,0.34888511737649014
226,raw,combat,IPCAS_2,IPCAS_4,0.3489372708799987
227,raw,combat,IPCAS_2,IPCAS_5,0.34890828838393806
228,raw,combat,IPCAS_2,IPCAS_6,0.3489733457260154
229,raw,combat,IPCAS_2,IPCAS_7,0.34894502009679046
230,raw,combat,IPCAS_2,IPCAS_8,0.3490014843611854
231,raw,combat,IPCAS_2,JHNU,0.3489159243995087
232,raw,combat,IPCAS_2,MRN_1,0.3488793817336906
233,raw,combat,IPCAS_2,NYU_1,0.3490105582154757
234,raw,combat,IPCAS_2,NYU_2,0.3490052818510671
235,raw,combat,IPCAS_2,SWU1,0.34901422887877276
236,raw,combat,IPCAS_2,SWU2,0.3489548587335387
237,raw,combat,IPCAS_2,SWU3,0.34893207504772117
238,raw,combat,IPCAS_2,SWU4,0.34898639185137625
239,raw,combat,IPCAS_2,UPSM_1,0.34903464569373804
240,raw,combat,IPCAS_2,UWM,0.3490078383368092
241,raw,combat,IPCAS_2,Utah1,0.349050406927376
242,raw,combat,IPCAS_2,XHCUMS,0.34905075833948834
243,raw,combat,IPCAS_3,BMB_1,0.34895178018964945
244,raw,combat,IPCAS_3,BNU1,0.3489216970529439
245,raw,combat,IPCAS_3,BNU2,0.34891876837387154
246,raw,combat,IPCAS_3,BNU3,0.3488890568734827
247,raw,combat,IPCAS_3,HNU1,0.34894994748241337
248,raw,combat,IPCAS_3,IACAS_1,0.3488876559024355
249,raw,combat,IPCAS_3,IBATRT,0.3489832278838977
250,raw,combat,IPCAS_3,IPCAS_1,0.34884722519225875
251,raw,combat,IPCAS_3,IPCAS_2,0.34888511737649014
252,raw,combat,IPCAS_3,IPCAS_3,0.34885446418580685
253,raw,combat,IPCAS_3,IPCAS_4,0.3488923265343914
254,raw,combat,IPCAS_3,IPCAS_5,0.34887347166295857
255,raw,combat,IPCAS_3,IPCAS_6,0.34893963036148085
256,raw,combat,IPCAS_3,IPCAS_7,0.3489203369548199
257,raw,combat,IPCAS_3,IPCAS_8,0.3489443154420169
258,raw,combat,IPCAS_3,JHNU,0.34887904057358987
259,raw,combat,IPCAS_3,MRN_1,0.3488509206414101
260,raw,combat,IPCAS_3,NYU_1,0.34897110523419184
261,raw,combat,IPCAS_3,NYU_2,0.3489948393685324
262,raw,combat,IPCAS_3,SWU1,0.34898340140278583
263,raw,combat,IPCAS_3,SWU2,0.3489133487993185
264,raw,combat,IPCAS_3,SWU3,0.3488897244472462
265,raw,combat,IPCAS_3,SWU4,0.3489749399887373
266,raw,combat,IPCAS_3,UPSM_1,0.3490142652362087
267,raw,combat,IPCAS_3,UWM,0.34896856312537305
268,raw,combat,IPCAS_3,Utah1,0.3490088921321798
269,raw,combat,IPCAS_3,XHCUMS,0.3490300563865092
270,raw,combat,IPCAS_4,BMB_1,0.349002816222643
271,raw,combat,IPCAS_4,BNU1,0.34896979709461645
272,raw,combat,IPCAS_4,BNU2,0.34896251088196917
273,raw,combat,IPCAS_4,BNU3,0.3489204823042689
274,raw,combat,IPCAS_4,HNU1,0.34897375960713095
275,raw,combat,IPCAS_4,IACAS_1,0.3489479616115392
276,raw,combat,IPCAS_4,IBATRT,0.349050090581472
277,raw,combat,IPCAS_4,IPCAS_1,0.34887445035705184
278,raw,combat,IPCAS_4,IPCAS_2,0.3489372708799987
279,raw,combat,IPCAS_4,IPCAS_3,0.3488923265343914
280,raw,combat,IPCAS_4,IPCAS_4,0.3489661581141311
281,raw,combat,IPCAS_4,IPCAS_5,0.34892243431639935
282,raw,combat,IPCAS_4,IPCAS_6,0.3489988924523159
283,raw,combat,IPCAS_4,IPCAS_7,0.34895906430123924
284,raw,combat,IPCAS_4,IPCAS_8,0.34906374127336476
285,raw,combat,IPCAS_4,JHNU,0.3489330571722773
286,raw,combat,IPCAS_4,MRN_1,0.3488847730042686
287,raw,combat,IPCAS_4,NYU_1,0.34904849755568407
288,raw,combat,IPCAS_4,NYU_2,0.349013160890171
289,raw,combat,IPCAS_4,SWU1,0.34904231568818317
290,raw,combat,IPCAS_4,SWU2,0.34898468254874854
291,raw,combat,IPCAS_4,SWU3,0.3489572552271027
292,raw,combat,IPCAS_4,SWU4,0.3489942687016524
293,raw,combat,IPCAS_4,UPSM_1,0.3490533030030541
294,raw,combat,IPCAS_4,UWM,0.34904511544569006
295,raw,combat,IPCAS_4,Utah1,0.3490972341757275
296,raw,combat,IPCAS_4,XHCUMS,0.34907086320247854
297,raw,combat,IPCAS_5,BMB_1,0.34897277410769206
298,raw,combat,IPCAS_5,BNU1,0.3489423009547781
299,raw,combat,IPCAS_5,BNU2,0.3489378375421681
300,raw,combat,IPCAS_5,BNU3,0.348904067297111
301,raw,combat,IPCAS_5,HNU1,0.34896055643396806
302,raw,combat,IPCAS_5,IACAS_1,0.3489135681116038
303,raw,combat,IPCAS_5,IBATRT,0.3490090245169513
304,raw,combat,IPCAS_5,IPCAS_1,0.34886194857441016
305,raw,combat,IPCAS_5,IPCAS_2,0.34890828838393806
306,raw,combat,IPCAS_5,IPCAS_3,0.34887347166295857
307,raw,combat,IPCAS_5,IPCAS_4,0.34892243431639935
308,raw,combat,IPCAS_5,IPCAS_5,0.34889593504504673
309,raw,combat,IPCAS_5,IPCAS_6,0.34896372696928796
310,raw,combat,IPCAS_5,IPCAS_7,0.34893746098364525
311,raw,combat,IPCAS_5,IPCAS_8,0.3489857860048902
312,raw,combat,IPCAS_5,JHNU,0.3489031040129808
313,raw,combat,IPCAS_5,MRN_1,0.348868417746456
314,raw,combat,IPCAS_5,NYU_1,0.3490004440234859
315,raw,combat,IPCAS_5,NYU_2,0.3490027209708542
316,raw,combat,IPCAS_5,SWU1,0.34900655990718366
317,raw,combat,IPCAS_5,SWU2,0.34894204623325176
318,raw,combat,IPCAS_5,SWU3,0.3489179405173097
319,raw,combat,IPCAS_5,SWU4,0.3489834071675732
320,raw,combat,IPCAS_5,UPSM_1,0.3490299905379475
321,raw,combat,IPCAS_5,UWM,0.3489976855649801
322,raw,combat,IPCAS_5,Utah1,0.34904099151725865
323,raw,combat,IPCAS_5,XHCUMS,0.34904625766784103
324,raw,combat,IPCAS_6,BMB_1,0.3490143522156833
325,raw,combat,IPCAS_6,BNU1,0.34899058033410507
326,raw,combat,IPCAS_6,BNU2,0.34898384658183534
327,raw,combat,IPCAS_6,BNU3,0.348948427836137
328,raw,combat,IPCAS_6,HNU1,0.3489836965028082
329,raw,combat,IPCAS_6,IACAS_1,0.3489835842949435
330,raw,combat,IPCAS_6,IBATRT,0.34905040026882467
331,raw,combat,IPCAS_6,IPCAS_1,0.3489177878659636
332,raw,combat,IPCAS_6,IPCAS_2,0.3489733457260154
333,raw,combat,IPCAS_6,IPCAS_3,0.34893963036148085
334,raw,combat,IPCAS_6,IPCAS_4,0.3489988924523159
335,raw,combat,IPCAS_6,IPCAS_5,0.34896372696928796
336,raw,combat,IPCAS_6,IPCAS_6,0.3490134410470649
337,raw,combat,IPCAS_6,IPCAS_7,0.34897910845171126
338,raw,combat,IPCAS_6,IPCAS_8,0.3490583646009713
339,raw,combat,IPCAS_6,JHNU,0.34897246057932235
340,raw,combat,IPCAS_6,MRN_1,0.3489315410911064
341,raw,combat,IPCAS_6,NYU_1,0.34904933690045015
342,raw,combat,IPCAS_6,NYU_2,0.34901641785625986
343,raw,combat,IPCAS_6,SWU1,0.349044457244458
344,raw,combat,IPCAS_6,SWU2,0.3490078022864789
345,raw,combat,IPCAS_6,SWU3,0.34899181852354
346,raw,combat,IPCAS_6,SWU4,0.3489997705058764
347,raw,combat,IPCAS_6,UPSM_1,0.3490529849390475
348,raw,combat,IPCAS_6,UWM,0.34904697967227255
349,raw,combat,IPCAS_6,Utah1,0.34908347166605236
350,raw,combat,IPCAS_6,XHCUMS,0.3490678297955023
351,raw,combat,IPCAS_7,BMB_1,0.34898380584890565
352,raw,combat,IPCAS_7,BNU1,0.3489631272394576
353,raw,combat,IPCAS_7,BNU2,0.3489589753660608
354,raw,combat,IPCAS_7,BNU3,0.3489320692573172
355,raw,combat,IPCAS_7,HNU1,0.34896912998072055
356,raw,combat,IPCAS_7,IACAS_1,0.34895074501635287
357,raw,combat,IPCAS_7,IBATRT,0.3490097983604112
358,raw,combat,IPCAS_7,IPCAS_1,0.3489055286617266
359,raw,combat,IPCAS_7,IPCAS_2,0.34894502009679046
360,raw,combat,IPCAS_7,IPCAS_3,0.3489203369548199
361,raw,combat,IPCAS_7,IPCAS_4,0.34895906430123924
362,raw,combat,IPCAS_7,IPCAS_5,0.34893746098364525
363,raw,combat,IPCAS_7,IPCAS_6,0.34897910845171126
364,raw,combat,IPCAS_7,IPCAS_7,0.3489570374975559
365,raw,combat,IPCAS_7,IPCAS_8,0.3489972641514135
366,raw,combat,IPCAS_7,JHNU,0.34894322321160154
367,raw,combat,IPCAS_7,MRN_1,0.3489148678492939
368,raw,combat,IPCAS_7,NYU_1,0.3490042611348665
369,raw,combat,IPCAS_7,NYU_2,0.3490037480335969
370,raw,combat,IPCAS_7,SWU1,0.3490079811564235
371,raw,combat,IPCAS_7,SWU2,0.34896855198286053
372,raw,combat,IPCAS_7,SWU3,0.34895517674528725
373,raw,combat,IPCAS_7,SWU4,0.34898707161525677
374,raw,combat,IPCAS_7,UPSM_1,0.3490262992862625
375,raw,combat,IPCAS_7,UWM,0.3490024520992881
376,raw,combat,IPCAS_7,Utah1,0.349030946191948
377,raw,combat,IPCAS_7,XHCUMS,0.34903936884549386
378,raw,combat,IPCAS_8,BMB_1,0.3490504443187291
379,raw,combat,IPCAS_8,BNU1,0.349018974626709
380,raw,combat,IPCAS_8,BNU2,0.3490068819046021
381,raw,combat,IPCAS_8,BNU3,0.3489546059935121
382,raw,combat,IPCAS_8,HNU1,0.34899384215133805
383,raw,combat,IPCAS_8,IACAS_1,0.34902432874083694
384,raw,combat,IPCAS_8,IBATRT,0.3491105313993465
385,raw,combat,IPCAS_8,IPCAS_1,0.34891128307069685
386,raw,combat,IPCAS_8,IPCAS_2,0.3490014843611854
387,raw,combat,IPCAS_8,IPCAS_3,0.3489443154420169
388,raw,combat,IPCAS_8,IPCAS_4,0.34906374127336476
389,raw,combat,IPCAS_8,IPCAS_5,0.3489857860048902
390,raw,combat,IPCAS_8,IPCAS_6,0.3490583646009713
391,raw,combat,IPCAS_8,IPCAS_7,0.3489972641514135
392,raw,combat,IPCAS_8,IPCAS_8,0.3492138692106469
393,raw,combat,IPCAS_8,JHNU,0.3490025580481314
394,raw,combat,IPCAS_8,MRN_1,0.3489312738548942
395,raw,combat,IPCAS_8,NYU_1,0.3491236781565865
396,raw,combat,IPCAS_8,NYU_2,0.34902678570278883
397,raw,combat,IPCAS_8,SWU1,0.34909408599539793
398,raw,combat,IPCAS_8,SWU2,0.34906843043117425
399,raw,combat,IPCAS_8,SWU3,0.349044975339478
400,raw,combat,IPCAS_8,SWU4,0.34900932164600196
401,raw,combat,IPCAS_8,UPSM_1,0.349083226897407
402,raw,combat,IPCAS_8,UWM,0.34911982723926666
403,raw,combat,IPCAS_8,Utah1,0.3491775793540945
404,raw,combat,IPCAS_8,XHCUMS,0.34910138968798526
405,raw,combat,JHNU,BMB_1,0.348980353687334
406,raw,combat,JHNU,BNU1,0.3489494183368148
407,raw,combat,JHNU,BNU2,0.34894432464858627
408,raw,combat,JHNU,BNU3,0.3489087343729547
409,raw,combat,JHNU,HNU1,0.34896414259589403
410,raw,combat,JHNU,IACAS_1,0.3489223427929867
411,raw,combat,JHNU,IBATRT,0.3490189109343957
412,raw,combat,JHNU,IPCAS_1,0.34886596794875424
413,raw,combat,JHNU,IPCAS_2,0.3489159243995087
414,raw,combat,JHNU,IPCAS_3,0.34887904057358987
415,raw,combat,JHNU,IPCAS_4,0.3489330571722773
416,raw,combat,JHNU,IPCAS_5,0.3489031040129808
417,raw,combat,JHNU,IPCAS_6,0.34897246057932235
418,raw,combat,JHNU,IPCAS_7,0.34894322321160154
419,raw,combat,JHNU,IPCAS_8,0.3490025580481314
420,raw,combat,JHNU,JHNU,0.3489109898777081
421,raw,combat,JHNU,MRN_1,0.34887340549083506
422,raw,combat,JHNU,NYU_1,0.3490117799037104
423,raw,combat,JHNU,NYU_2,0.34900550296277244
424,raw,combat,JHNU,SWU1,0.3490153143157449
425,raw,combat,JHNU,SWU2,0.3489523967340317
426,raw,combat,JHNU,SWU3,0.3489277077134724
427,raw,combat,JHNU,SWU4,0.3489863336485052
428,raw,combat,JHNU,UPSM_1,0.3490358788928339
429,raw,combat,JHNU,UWM,0.34900889884704894
430,raw,combat,JHNU,Utah1,0.3490539377128277
431,raw,combat,JHNU,XHCUMS,0.3490524188476923
432,raw,combat,MRN_1,BMB_1,0.3489442735146095
433,raw,combat,MRN_1,BNU1,0.3489151993362366
434,raw,combat,MRN_1,BNU2,0.3489127913338204
435,raw,combat,MRN_1,BNU3,0.3488850303422472
436,raw,combat,MRN_1,HNU1,0.3489459705202073
437,raw,combat,MRN_1,IACAS_1,0.34888122131826643
438,raw,combat,MRN_1,IBATRT,0.3489732498767126
439,raw,combat,MRN_1,IPCAS_1,0.34884467153664295
440,raw,combat,MRN_1,IPCAS_2,0.3488793817336906
441,raw,combat,MRN_1,IPCAS_3,0.3488509206414101
442,raw,combat,MRN_1,IPCAS_4,0.3488847730042686
443,raw,combat,MRN_1,IPCAS_5,0.348868417746456
444,raw,combat,MRN_1,IPCAS_6,0.3489315410911064
445,raw,combat,MRN_1,IPCAS_7,0.3489148678492939
446,raw,combat,MRN_1,IPCAS_8,0.3489312738548942
447,raw,combat,MRN_1,JHNU,0.34887340549083506
448,raw,combat,MRN_1,MRN_1,0.3488477797725128
449,raw,combat,MRN_1,NYU_1,0.34896034057864744
450,raw,combat,MRN_1,NYU_2,0.34899142259289423
451,raw,combat,MRN_1,SWU1,0.3489743308687777
452,raw,combat,MRN_1,SWU2,0.3489050595422411
453,raw,combat,MRN_1,SWU3,0.348882703320498
454,raw,combat,MRN_1,SWU4,0.34897146520889366
455,raw,combat,MRN_1,UPSM_1,0.34900739027119654
456,raw,combat,MRN_1,UWM,0.3489579544274247
457,raw,combat,MRN_1,Utah1,0.34899596784227893
458,raw,combat,MRN_1,XHCUMS,0.34902275373735975
459,raw,combat,NYU_1,BMB_1,0.34904479571997993
460,raw,combat,NYU_1,BNU1,0.34902140853915564
461,raw,combat,NYU_1,BNU2,0.349012234658675
462,raw,combat,NYU_1,BNU3,0.3489710196975283
463,raw,combat,NYU_1,HNU1,0.3489983008965272
464,raw,combat,NYU_1,IACAS_1,0.34902569940668765
465,raw,combat,NYU_1,IBATRT,0.34908741286388156
466,raw,combat,NYU_1,IPCAS_1,0.34894153399343464
467,raw,combat,NYU_1,IPCAS_2,0.3490105582154757
468,raw,combat,NYU_1,IPCAS_3,0.34897110523419184
469,raw,combat,NYU_1,IPCAS_4,0.34904849755568407
470,raw,combat,NYU_1,IPCAS_5,0.3490004440234859
471,raw,combat,NYU_1,IPCAS_6,0.34904933690045015
472,raw,combat,NYU_1,IPCAS_7,0.3490042611348665
473,raw,combat,NYU_1,IPCAS_8,0.3491236781565865
474,raw,combat,NYU_1,JHNU,0.3490117799037104
475,raw,combat,NYU_1,MRN_1,0.34896034057864744
476,raw,combat,NYU_1,NYU_1,0.3490924119245123
477,raw,combat,NYU_1,NYU_2,0.3490268870982713
478,raw,combat,NYU_1,SWU1,0.34907738538244476
479,raw,combat,NYU_1,SWU2,0.3490530599174848
480,raw,combat,NYU_1,SWU3,0.34903808693639676
481,raw,combat,NYU_1,SWU4,0.3490111378173886
482,raw,combat,NYU_1,UPSM_1,0.349074348788845
483,raw,combat,NYU_1,UWM,0.3490898189735169
484,raw,combat,NYU_1,Utah1,0.3491293484758771
485,raw,combat,NYU_1,XHCUMS,0.3490897085196422
486,raw,combat,NYU_2,BMB_1,0.349016583776803
487,raw,combat,NYU_2,BNU1,0.3490088831995423
488,raw,combat,NYU_2,BNU2,0.34900624004316777
489,raw,combat,NYU_2,BNU3,0.34899235864021355
490,raw,combat,NYU_2,HNU1,0.3490010398660824
491,raw,combat,NYU_2,IACAS_1,0.34900873596401305
492,raw,combat,NYU_2,IBATRT,0.34902816993028085
493,raw,combat,NYU_2,IPCAS_1,0.34898425908390285
494,raw,combat,NYU_2,IPCAS_2,0.3490052818510671
495,raw,combat,NYU_2,IPCAS_3,0.3489948393685324
496,raw,combat,NYU_2,IPCAS_4,0.349013160890171
497,raw,combat,NYU_2,IPCAS_5,0.3490027209708542
498,raw,combat,NYU_2,IPCAS_6,0.34901641785625986
499,raw,combat,NYU_2,IPCAS_7,0.3490037480335969
500,raw,combat,NYU_2,IPCAS_8,0.34902678570278883
501,raw,combat,NYU_2,JHNU,0.34900550296277244
502,raw,combat,NYU_2,MRN_1,0.34899142259289423
503,raw,combat,NYU_2,NYU_1,0.3490268870982713
504,raw,combat,NYU_2,NYU_2,0.3490169590942953
505,raw,combat,NYU_2,SWU1,0.3490268348884887
506,raw,combat,NYU_2,SWU2,0.3490151340376927
507,raw,combat,NYU_2,SWU3,0.3490112243560845
508,raw,combat,NYU_2,SWU4,0.34900765566574693
509,raw,combat,NYU_2,UPSM_1,0.34903329687991136
510,raw,combat,NYU_2,UWM,0.349026204742746
511,raw,combat,NYU_2,Utah1,0.349036931513411
512,raw,combat,NYU_2,XHCUMS,0.3490399643975102
513,raw,combat,SWU1,BMB_1,0.3490413646063326
514,raw,combat,SWU1,BNU1,0.34902233742713185
515,raw,combat,SWU1,BNU2,0.3490148196820326
516,raw,combat,SWU1,BNU3,0.34898024444591697
517,raw,combat,SWU1,HNU1,0.34900122628094293
518,raw,combat,SWU1,IACAS_1,0.3490258155079703
519,raw,combat,SWU1,IBATRT,0.3490751060579758
520,raw,combat,SWU1,IPCAS_1,0.34895751459346197
521,raw,combat,SWU1,IPCAS_2,0.34901422887877276
522,raw,combat,SWU1,IPCAS_3,0.34898340140278583
523,raw,combat,SWU1,IPCAS_4,0.34904231568818317
524,raw,combat,SWU1,IPCAS_5,0.34900655990718366
525,raw,combat,SWU1,IPCAS_6,0.349044457244458
526,raw,combat,SWU1,IPCAS_7,0.3490079811564235
527,raw,combat,SWU1,IPCAS_8,0.34909408599539793
528,raw,combat,SWU1,JHNU,0.3490153143157449
529,raw,combat,SWU1,MRN_1,0.3489743308687777
530,raw,combat,SWU1,NYU_1,0.34907738538244476
531,raw,combat,SWU1,NYU_2,0.3490268348884887
532,raw,combat,SWU1,SWU1,0.34906791487273847
533,raw,combat,SWU1,SWU2,0.3490462179472427
534,raw,combat,SWU1,SWU3,0.34903490602922116
535,raw,combat,SWU1,SWU4,0.3490123460651991
536,raw,combat,SWU1,UPSM_1,0.349068273226691
537,raw,combat,SWU1,UWM,0.3490753805234279
538,raw,combat,SWU1,Utah1,0.3491061833869939
539,raw,combat,SWU1,XHCUMS,0.34908176477149755
540,raw,combat,SWU2,BMB_1,0.3490098741728436
541,raw,combat,SWU2,BNU1,0.3489803617891618
542,raw,combat,SWU2,BNU2,0.348972931568622
543,raw,combat,SWU2,BNU3,0.34893250633554207
544,raw,combat,SWU2,HNU1,0.34897837790078096
545,raw,combat,SWU2,IACAS_1,0.3489662739775056
546,raw,combat,SWU2,IBATRT,0.34905376747959715
547,raw,combat,SWU2,IPCAS_1,0.348892457532368
548,raw,combat,SWU2,IPCAS_2,0.3489548587335387
549,raw,combat,SWU2,IPCAS_3,0.3489133487993185
550,raw,combat,SWU2,IPCAS_4,0.34898468254874854
551,raw,combat,SWU2,IPCAS_5,0.34894204623325176
552,raw,combat,SWU2,IPCAS_6,0.3490078022864789
553,raw,combat,SWU2,IPCAS_7,0.34896855198286053
554,raw,combat,SWU2,IPCAS_8,0.34906843043117425
555,raw,combat,SWU2,JHNU,0.3489523967340317
556,raw,combat,SWU2,MRN_1,0.3489050595422411
557,raw,combat,SWU2,NYU_1,0.3490530599174848
558,raw,combat,SWU2,NYU_2,0.3490151340376927
559,raw,combat,SWU2,SWU1,0.3490462179472427
560,raw,combat,SWU2,SWU2,0.34899840435216894
561,raw,combat,SWU2,SWU3,0.34897591459982713
562,raw,combat,SWU2,SWU4,0.34899706486063325
563,raw,combat,SWU2,UPSM_1,0.3490551384551989
564,raw,combat,SWU2,UWM,0.34905004485818786
565,raw,combat,SWU2,Utah1,0.34909651838940486
566,raw,combat,SWU2,XHCUMS,0.3490718228736186
567,raw,combat,SWU3,BMB_1,0.3489968788917064
568,raw,combat,SWU3,BNU1,0.34896461629088377
569,raw,combat,SWU3,BNU2,0.3489579757301918
570,raw,combat,SWU3,BNU3,0.3489178949704516
571,raw,combat,SWU3,HNU1,0.3489714149330202
572,raw,combat,SWU3,IACAS_1,0.34894146191580766
573,raw,combat,SWU3,IBATRT,0.34904139713566046
574,raw,combat,SWU3,IPCAS_1,0.3488731040961646
575,raw,combat,SWU3,IPCAS_2,0.34893207504772117
576,raw,combat,SWU3,IPCAS_3,0.3488897244472462
577,raw,combat,SWU3,IPCAS_4,0.3489572552271027
578,raw,combat,SWU3,IPCAS_5,0.3489179405173097
579,raw,combat,SWU3,IPCAS_6,0.34899181852354
580,raw,combat,SWU3,IPCAS_7,0.34895517674528725
581,raw,combat,SWU3,IPCAS_8,0.349044975339478
582,raw,combat,SWU3,JHNU,0.3489277077134724
583,raw,combat,SWU3,MRN_1,0.348882703320498
584,raw,combat,SWU3,NYU_1,0.34903808693639676
585,raw,combat,SWU3,NYU_2,0.3490112243560845
586,raw,combat,SWU3,SWU1,0.34903490602922116
587,raw,combat,SWU3,SWU2,0.34897591459982713
588,raw,combat,SWU3,SWU3,0.3489495135862086
589,raw,combat,SWU3,SWU4,0.3489922975796913
590,raw,combat,SWU3,UPSM_1,0.34904863446095996
591,raw,combat,SWU3,UWM,0.34903487253433657
592,raw,combat,SWU3,Utah1,0.3490846154387033
593,raw,combat,SWU3,XHCUMS,0.3490658672210644
594,raw,combat,SWU4,BMB_1,0.34900086806362374
595,raw,combat,SWU4,BNU1,0.3489917892866232
596,raw,combat,SWU4,BNU2,0.3489891974772783
597,raw,combat,SWU4,BNU3,0.34897446476788163
598,raw,combat,SWU4,HNU1,0.3489877793539388
599,raw,combat,SWU4,IACAS_1,0.34898981667979095
600,raw,combat,SWU4,IBATRT,0.3490133291375929
601,raw,combat,SWU4,IPCAS_1,0.3489643735391675
602,raw,combat,SWU4,IPCAS_2,0.34898639185137625
603,raw,combat,SWU4,IPCAS_3,0.3489749399887373
604,raw,combat,SWU4,IPCAS_4,0.3489942687016524
605,raw,combat,SWU4,IPCAS_5,0.3489834071675732
606,raw,combat,SWU4,IPCAS_6,0.3489997705058764
607,raw,combat,SWU4,IPCAS_7,0.34898707161525677
608,raw,combat,SWU4,IPCAS_8,0.34900932164600196
609,raw,combat,SWU4,JHNU,0.3489863336485052
610,raw,combat,SWU4,MRN_1,0.34897146520889366
611,raw,combat,SWU4,NYU_1,0.3490111378173886
612,raw,combat,SWU4,NYU_2,0.34900765566574693
613,raw,combat,SWU4,SWU1,0.3490123460651991
614,raw,combat,SWU4,SWU2,0.34899706486063325
615,raw,combat,SWU4,SWU3,0.3489922975796913
616,raw,combat,SWU4,SWU4,0.3489968958593646
617,raw,combat,SWU4,UPSM_1,0.34902191020374995
618,raw,combat,SWU4,UWM,0.34901036457156476
619,raw,combat,SWU4,Utah1,0.3490225772312929
620,raw,combat,SWU4,XHCUMS,0.34902930523074016
621,raw,combat,UPSM_1,BMB_1,0.34905014216376273
622,raw,combat,UPSM_1,BNU1,0.349037766480679
623,raw,combat,UPSM_1,BNU2,0.3490321146007047
624,raw,combat,UPSM_1,BNU3,0.3490065986782874
625,raw,combat,UPSM_1,HNU1,0.34901542910965766
626,raw,combat,UPSM_1,IACAS_1,0.34904265092908887
627,raw,combat,UPSM_1,IBATRT,0.34907306619121287
628,raw,combat,UPSM_1,IPCAS_1,0.34899350150197717
629,raw,combat,UPSM_1,IPCAS_2,0.34903464569373804
630,raw,combat,UPSM_1,IPCAS_3,0.3490142652362087
631,raw,combat,UPSM_1,IPCAS_4,0.3490533030030541
632,raw,combat,UPSM_1,IPCAS_5,0.3490299905379475
633,raw,combat,UPSM_1,IPCAS_6,0.3490529849390475
634,raw,combat,UPSM_1,IPCAS_7,0.3490262992862625
635,raw,combat,UPSM_1,IPCAS_8,0.349083226897407
636,raw,combat,UPSM_1,JHNU,0.3490358788928339
637,raw,combat,UPSM_1,MRN_1,0.34900739027119654
638,raw,combat,UPSM_1,NYU_1,0.349074348788845
639,raw,combat,UPSM_1,NYU_2,0.34903329687991136
640,raw,combat,UPSM_1,SWU1,0.349068273226691
641,raw,combat,UPSM_1,SWU2,0.3490551384551989
642,raw,combat,UPSM_1,SWU3,0.34904863446095996
643,raw,combat,UPSM_1,SWU4,0.34902191020374995
644,raw,combat,UPSM_1,UPSM_1,0.34906845863591024
645,raw,combat,UPSM_1,UWM,0.3490730735670442
646,raw,combat,UPSM_1,Utah1,0.34909275426792935
647,raw,combat,UPSM_1,XHCUMS,0.3490787145053366
648,raw,combat,UWM,BMB_1,0.3490428011422912
649,raw,combat,UWM,BNU1,0.3490192596847396
650,raw,combat,UWM,BNU2,0.3490102194117875
651,raw,combat,UWM,BNU3,0.34896924370369586
652,raw,combat,UWM,HNU1,0.34899726371612905
653,raw,combat,UWM,IACAS_1,0.3490227075401546
654,raw,combat,UWM,IBATRT,0.34908519033445706
655,raw,combat,UWM,IPCAS_1,0.3489394760958193
656,raw,combat,UWM,IPCAS_2,0.3490078383368092
657,raw,combat,UWM,IPCAS_3,0.34896856312537305
658,raw,combat,UWM,IPCAS_4,0.34904511544569006
659,raw,combat,UWM,IPCAS_5,0.3489976855649801
660,raw,combat,UWM,IPCAS_6,0.34904697967227255
661,raw,combat,UWM,IPCAS_7,0.3490024520992881
662,raw,combat,UWM,IPCAS_8,0.34911982723926666
663,raw,combat,UWM,JHNU,0.34900889884704894
664,raw,combat,UWM,MRN_1,0.3489579544274247
665,raw,combat,UWM,NYU_1,0.3490898189735169
666,raw,combat,UWM,NYU_2,0.349026204742746
667,raw,combat,UWM,SWU1,0.3490753805234279
668,raw,combat,UWM,SWU2,0.34905004485818786
669,raw,combat,UWM,SWU3,0.34903487253433657
670,raw,combat,UWM,SWU4,0.34901036457156476
671,raw,combat,UWM,UPSM_1,0.3490730735670442
672,raw,combat,UWM,UWM,0.34908722602252157
673,raw,combat,UWM,Utah1,0.349126789642658
674,raw,combat,UWM,XHCUMS,0.3490884457188328
675,raw,combat,Utah1,BMB_1,0.3490737784012819
676,raw,combat,Utah1,BNU1,0.3490528640723699
677,raw,combat,Utah1,BNU2,0.3490418485578501
678,raw,combat,Utah1,BNU3,0.3489975225946387
679,raw,combat,Utah1,HNU1,0.34901369234974566
680,raw,combat,Utah1,IACAS_1,0.3490692432009536
681,raw,combat,Utah1,IBATRT,0.3491191888747783
682,raw,combat,Utah1,IPCAS_1,0.3489725084000819
683,raw,combat,Utah1,IPCAS_2,0.349050406927376
684,raw,combat,Utah1,IPCAS_3,0.3490088921321798
685,raw,combat,Utah1,IPCAS_4,0.3490972341757275
686,raw,combat,Utah1,IPCAS_5,0.34904099151725865
687,raw,combat,Utah1,IPCAS_6,0.34908347166605236
688,raw,combat,Utah1,IPCAS_7,0.349030946191948
689,raw,combat,Utah1,IPCAS_8,0.3491775793540945
690,raw,combat,Utah1,JHNU,0.3490539377128277
691,raw,combat,Utah1,MRN_1,0.34899596784227893
692,raw,combat,Utah1,NYU_1,0.3491293484758771
693,raw,combat,Utah1,NYU_2,0.349036931513411
694,raw,combat,Utah1,SWU1,0.3491061833869939
695,raw,combat,Utah1,SWU2,0.34909651838940486
696,raw,combat,Utah1,SWU3,0.3490846154387033
697,raw,combat,Utah1,SWU4,0.3490225772312929
698,raw,combat,Utah1,UPSM_1,0.34909275426792935
699,raw,combat,Utah1,UWM,0.349126789642658
700,raw,combat,Utah1,Utah1,0.34916532563629743
701,raw,combat,Utah1,XHCUMS,0.3491078367861494
702,raw,combat,XHCUMS,BMB_1,0.3490637495772494
703,raw,combat,XHCUMS,BNU1,0.3490520453715638
704,raw,combat,XHCUMS,BNU2,0.3490459536310461
705,raw,combat,XHCUMS,BNU3,0.3490196863372192
706,raw,combat,XHCUMS,HNU1,0.3490246365320274
707,raw,combat,XHCUMS,IACAS_1,0.34905940749389697
708,raw,combat,XHCUMS,IBATRT,0.3490872843440004
709,raw,combat,XHCUMS,IPCAS_1,0.3490078338908706
710,raw,combat,XHCUMS,IPCAS_2,0.34905075833948834
711,raw,combat,XHCUMS,IPCAS_3,0.3490300563865092
712,raw,combat,XHCUMS,IPCAS_4,0.34907086320247854
713,raw,combat,XHCUMS,IPCAS_5,0.34904625766784103
714,raw,combat,XHCUMS,IPCAS_6,0.3490678297955023
715,raw,combat,XHCUMS,IPCAS_7,0.34903936884549386
716,raw,combat,XHCUMS,IPCAS_8,0.34910138968798526
717,raw,combat,XHCUMS,JHNU,0.3490524188476923
718,raw,combat,XHCUMS,MRN_1,0.34902275373735975
719,raw,combat,XHCUMS,NYU_1,0.3490897085196422
720,raw,combat,XHCUMS,NYU_2,0.3490399643975102
721,raw,combat,XHCUMS,SWU1,0.34908176477149755
722,raw,combat,XHCUMS,SWU2,0.3490718228736186
723,raw,combat,XHCUMS,SWU3,0.3490658672210644
724,raw,combat,XHCUMS,SWU4,0.34902930523074016
725,raw,combat,XHCUMS,UPSM_1,0.3490787145053366
726,raw,combat,XHCUMS,UWM,0.3490884457188328
727,raw,combat,XHCUMS,Utah1,0.3491078367861494
728,raw,combat,XHCUMS,XHCUMS,0.34908883832494153
729,ptr,combat,BMB_1,BMB_1,0.49284869287292227
730,ptr,combat,BMB_1,BNU1,0.4928781473305287
731,ptr,combat,BMB_1,BNU2,0.4928345937644141
732,ptr,combat,BMB_1,BNU3,0.49282432682267807
733,ptr,combat,BMB_1,HNU1,0.4928755828938653
734,ptr,combat,BMB_1,IACAS_1,0.49285779328205853
735,ptr,combat,BMB_1,IBATRT,0.49286554612681904
736,ptr,combat,BMB_1,IPCAS_1,0.4928399569624424
737,ptr,combat,BMB_1,IPCAS_2,0.4928395201448377
738,ptr,combat,BMB_1,IPCAS_3,0.4928240979148276
739,ptr,combat,BMB_1,IPCAS_4,0.49288592125965486
740,ptr,combat,BMB_1,IPCAS_5,0.4928094587684747
741,ptr,combat,BMB_1,IPCAS_6,0.49280278798739824
742,ptr,combat,BMB_1,IPCAS_7,0.49282987900682634
743,ptr,combat,BMB_1,IPCAS_8,0.49286636286598456
744,ptr,combat,BMB_1,JHNU,0.49283126805378175
745,ptr,combat,BMB_1,MRN_1,0.4928635627117442
746,ptr,combat,BMB_1,NYU_1,0.49288544479100693
747,ptr,combat,BMB_1,NYU_2,0.49291548895761605
748,ptr,combat,BMB_1,SWU1,0.4928025566335995
749,ptr,combat,BMB_1,SWU2,0.49282976077781054
750,ptr,combat,BMB_1,SWU3,0.4928009915862592
751,ptr,combat,BMB_1,SWU4,0.492897937806839
752,ptr,combat,BMB_1,UPSM_1,0.4928975681499208
753,ptr,combat,BMB_1,UWM,0.4928526852036174
754,ptr,combat,BMB_1,Utah1,0.49284849191940805
755,ptr,combat,BMB_1,XHCUMS,0.49291234078697355
756,ptr,combat,BNU1,BMB_1,0.4928781473305287
757,ptr,combat,BNU1,BNU1,0.4929114919995169
758,ptr,combat,BNU1,BNU2,0.4928634300139673
759,ptr,combat,BNU1,BNU3,0.49284958915354055
760,ptr,combat,BNU1,HNU1,0.4928929059670482
761,ptr,combat,BNU1,IACAS_1,0.4928999306307969
762,ptr,combat,BNU1,IBATRT,0.4928990056072736
763,ptr,combat,BNU1,IPCAS_1,0.4928696588018621
764,ptr,combat,BNU1,IPCAS_2,0.4928770390484345
765,ptr,combat,BNU1,IPCAS_3,0.4928584043170326
766,ptr,combat,BNU1,IPCAS_4,0.4929350849913896
767,ptr,combat,BNU1,IPCAS_5,0.49284496708217707
768,ptr,combat,BNU1,IPCAS_6,0.4928334718599576
769,ptr,combat,BNU1,IPCAS_7,0.49285586808525533
770,ptr,combat,BNU1,IPCAS_8,0.49291866655781713
771,ptr,combat,BNU1,JHNU,0.4928698991378243
772,ptr,combat,BNU1,MRN_1,0.4928989487177366
773,ptr,combat,BNU1,NYU_1,0.49292506486985893
774,ptr,combat,BNU1,NYU_2,0.49292812099190036
775,ptr,combat,BNU1,SWU1,0.4928292713005702
776,ptr,combat,BNU1,SWU2,0.49286970864085705
777,ptr,combat,BNU1,SWU3,0.49284039217445513
778,ptr,combat,BNU1,SWU4,0.49291169461675244
779,ptr,combat,BNU1,UPSM_1,0.4929194162490189
780,ptr,combat,BNU1,UWM,0.492889771391732
781,ptr,combat,BNU1,Utah1,0.4928848519962928
782,ptr,combat,BNU1,XHCUMS,0.49293460561946845
783,ptr,combat,BNU2,BMB_1,0.4928345937644141
784,ptr,combat,BNU2,BNU1,0.4928634300139673
785,ptr,combat,BNU2,BNU2,0.4928202556879652
786,ptr,combat,BNU2,BNU3,0.4928113332351766
787,ptr,combat,BNU2,HNU1,0.49286768383218377
788,ptr,combat,BNU2,IACAS_1,0.4928385020276848
789,ptr,combat,BNU2,IBATRT,0.49285030813912595
790,ptr,combat,BNU2,IPCAS_1,0.4928254179122445
791,ptr,combat,BNU2,IPCAS_2,0.49282138071859516
792,ptr,combat,BNU2,IPCAS_3,0.4928067265998222
793,ptr,combat,BNU2,IPCAS_4,0.4928651546074303
794,ptr,combat,BNU2,IPCAS_5,0.492790795420465
795,ptr,combat,BNU2,IPCAS_6,0.4927862139604945
796,ptr,combat,BNU2,IPCAS_7,0.4928167270085424
797,ptr,combat,BNU2,IPCAS_8,0.49284330558932615
798,ptr,combat,BNU2,JHNU,0.4928122206523032
799,ptr,combat,BNU2,MRN_1,0.49284741781782543
800,ptr,combat,BNU2,NYU_1,0.49286843917448503
801,ptr,combat,BNU2,NYU_2,0.4929102328472489
802,ptr,combat,BNU2,SWU1,0.4927880086998289
803,ptr,combat,BNU2,SWU2,0.4928100314056294
804,ptr,combat,BNU2,SWU3,0.49277994896188
805,ptr,combat,BNU2,SWU4,0.49289197242596544
806,ptr,combat,BNU2,UPSM_1,0.49288820654856735
807,ptr,combat,BNU2,UWM,0.49283534010950586
808,ptr,combat,BNU2,Utah1,0.49283128171565466
809,ptr,combat,BNU2,XHCUMS,0.49290314337387736
810,ptr,combat,BNU3,BMB_1,0.49282432682267807
811,ptr,combat,BNU3,BNU1,0.49284958915354055
812,ptr,combat,BNU3,BNU2,0.4928113332351766
813,ptr,combat,BNU3,BNU3,0.49280402178080784
814,ptr,combat,BNU3,HNU1,0.4928596414574529
815,ptr,combat,BNU3,IACAS_1,0.49282437093490394
816,ptr,combat,BNU3,IBATRT,0.4928375251622374
817,ptr,combat,BNU3,IPCAS_1,0.49281583690270236
818,ptr,combat,BNU3,IPCAS_2,0.4928102159382791
819,ptr,combat,BNU3,IPCAS_3,0.4927977809856831
820,ptr,combat,BNU3,IPCAS_4,0.49284610539799173
821,ptr,combat,BNU3,IPCAS_5,0.4927833110601046
822,ptr,combat,BNU3,IPCAS_6,0.49278000627794555
823,ptr,combat,BNU3,IPCAS_7,0.4928088187797905
824,ptr,combat,BNU3,IPCAS_8,0.4928260292359964
825,ptr,combat,BNU3,JHNU,0.492801785496894
826,ptr,combat,BNU3,MRN_1,0.4928342975677949
827,ptr,combat,BNU3,NYU_1,0.49285204441064867
828,ptr,combat,BNU3,NYU_2,0.4929029134594987
829,ptr,combat,BNU3,SWU1,0.4927823080878936
830,ptr,combat,BNU3,SWU2,0.4927995675102256
831,ptr,combat,BNU3,SWU3,0.49277316102634083
832,ptr,combat,BNU3,SWU4,0.4928846257164922
833,ptr,combat,BNU3,UPSM_1,0.4928772322036309
834,ptr,combat,BNU3,UWM,0.4928228749150278
835,ptr,combat,BNU3,Utah1,0.49281940678646663
836,ptr,combat,BNU3,XHCUMS,0.49289122623206216
837,ptr,combat,HNU1,BMB_1,0.4928755828938653
838,ptr,combat,HNU1,BNU1,0.4928929059670482
839,ptr,combat,HNU1,BNU2,0.49286768383218377
840,ptr,combat,HNU1,BNU3,0.4928596414574529
841,ptr,combat,HNU1,HNU1,0.49288633890224287
842,ptr,combat,HNU1,IACAS_1,0.4928849925360066
843,ptr,combat,HNU1,IBATRT,0.49288619668455586
844,ptr,combat,HNU1,IPCAS_1,0.49287103491578144
845,ptr,combat,HNU1,IPCAS_2,0.4928746965031295
846,ptr,combat,HNU1,IPCAS_3,0.4928656876006827
847,ptr,combat,HNU1,IPCAS_4,0.4928994291984321
848,ptr,combat,HNU1,IPCAS_5,0.49285961163076064
849,ptr,combat,HNU1,IPCAS_6,0.49285293334173286
850,ptr,combat,HNU1,IPCAS_7,0.4928632433356747
851,ptr,combat,HNU1,IPCAS_8,0.4928912500133619
852,ptr,combat,HNU1,JHNU,0.49287135215445255
853,ptr,combat,HNU1,MRN_1,0.49288577208753825
854,ptr,combat,HNU1,NYU_1,0.4928979206937825
855,ptr,combat,HNU1,NYU_2,0.49291457136459893
856,ptr,combat,HNU1,SWU1,0.4928493306953515
857,ptr,combat,HNU1,SWU2,0.49287129068152885
858,ptr,combat,HNU1,SWU3,0.49285844835040793
859,ptr,combat,HNU1,SWU4,0.49290127533526124
860,ptr,combat,HNU1,UPSM_1,0.4929022780724424
861,ptr,combat,HNU1,UWM,0.49288088570833993
862,ptr,combat,HNU1,Utah1,0.492878544917893
863,ptr,combat,HNU1,XHCUMS,0.4929120353165551
864,ptr,combat,IACAS_1,BMB_1,0.49285779328205853
865,ptr,combat,IACAS_1,BNU1,0.4928999306307969
866,ptr,combat,IACAS_1,BNU2,0.4928385020276848
867,ptr,combat,IACAS_1,BNU3,0.49282437093490394
868,ptr,combat,IACAS_1,HNU1,0.4928849925360066
869,ptr,combat,IACAS_1,IACAS_1,0.4928776487201736
870,ptr,combat,IACAS_1,IBATRT,0.49288288827586557
871,ptr,combat,IACAS_1,IPCAS_1,0.49284602049745807
872,ptr,combat,IACAS_1,IPCAS_2,0.4928476205047836
873,ptr,combat,IACAS_1,IPCAS_3,0.49282405204507385
874,ptr,combat,IACAS_1,IPCAS_4,0.4929281572253016
875,ptr,combat,IACAS_1,IPCAS_5,0.4928015443454149
876,ptr,combat,IACAS_1,IPCAS_6,0.49279319318767273
877,ptr,combat,IACAS_1,IPCAS_7,0.4928317747519672
878,ptr,combat,IACAS_1,IPCAS_8,0.4929002038678101
879,ptr,combat,IACAS_1,JHNU,0.49283526769164876
880,ptr,combat,IACAS_1,MRN_1,0.4928814585937177
881,ptr,combat,IACAS_1,NYU_1,0.4929160713008095
882,ptr,combat,IACAS_1,NYU_2,0.4929262786250781
883,ptr,combat,IACAS_1,SWU1,0.49279447454189135
884,ptr,combat,IACAS_1,SWU2,0.49283308174493495
885,ptr,combat,IACAS_1,SWU3,0.49278606077403897
886,ptr,combat,IACAS_1,SWU4,0.4929078622215462
887,ptr,combat,IACAS_1,UPSM_1,0.49291430311344275
888,ptr,combat,IACAS_1,UWM,0.49286693191972525
889,ptr,combat,IACAS_1,Utah1,0.4928604579013811
890,ptr,combat,IACAS_1,XHCUMS,0.4929322355300713
891,ptr,combat,IBATRT,BMB_1,0.49286554612681904
892,ptr,combat,IBATRT,BNU1,0.4928990056072736
893,ptr,combat,IBATRT,BNU2,0.49285030813912595
894,ptr,combat,IBATRT,BNU3,0.4928375251622374
895,ptr,combat,IBATRT,HNU1,0.49288619668455586
896,ptr,combat,IBATRT,IACAS_1,0.49288288827586557
897,ptr,combat,IBATRT,IBATRT,0.49288577003149586
898,ptr,combat,IBATRT,IPCAS_1,0.4928564662972452
899,ptr,combat,IBATRT,IPCAS_2,0.4928604978906454
900,ptr,combat,IBATRT,IPCAS_3,0.4928421643007576
901,ptr,combat,IBATRT,IPCAS_4,0.49291772328531225
902,ptr,combat,IBATRT,IPCAS_5,0.4928270674056338
903,ptr,combat,IBATRT,IPCAS_6,0.49281747018817146
904,ptr,combat,IBATRT,IPCAS_7,0.49284376000072355
905,ptr,combat,IBATRT,IPCAS_8,0.49289859394311636
906,ptr,combat,IBATRT,JHNU,0.4928522631754978
907,ptr,combat,IBATRT,MRN_1,0.4928848665023493
908,ptr,combat,IBATRT,NYU_1,0.49291083195797286
909,ptr,combat,IBATRT,NYU_2,0.4929239656593837
910,ptr,combat,IBATRT,SWU1,0.4928152734878044
911,ptr,combat,IBATRT,SWU2,0.4928513781411553
912,ptr,combat,IBATRT,SWU3,0.4928198524775205
913,ptr,combat,IBATRT,SWU4,0.4929068253343688
914,ptr,combat,IBATRT,UPSM_1,0.49291176579051876
915,ptr,combat,IBATRT,UWM,0.4928743284177388
916,ptr,combat,IBATRT,Utah1,0.4928694167600133
917,ptr,combat,IBATRT,XHCUMS,0.4929272977663682
918,ptr,combat,IPCAS_1,BMB_1,0.4928399569624424
919,ptr,combat,IPCAS_1,BNU1,0.4928696588018621
920,ptr,combat,IPCAS_1,BNU2,0.4928254179122445
921,ptr,combat,IPCAS_1,BNU3,0.49281583690270236
922,ptr,combat,IPCAS_1,HNU1,0.49287103491578144
923,ptr,combat,IPCAS_1,IACAS_1,0.49284602049745807
924,ptr,combat,IPCAS_1,IBATRT,0.4928564662972452
925,ptr,combat,IPCAS_1,IPCAS_1,0.49283076126720055
926,ptr,combat,IPCAS_1,IPCAS_2,0.4928279858623059
927,ptr,combat,IPCAS_1,IPCAS_3,0.49281268243149
928,ptr,combat,IPCAS_1,IPCAS_4,0.492874097670487
929,ptr,combat,IPCAS_1,IPCAS_5,0.4927967942813693
930,ptr,combat,IPCAS_1,IPCAS_6,0.49279141724050873
931,ptr,combat,IPCAS_1,IPCAS_7,0.4928213865412792
932,ptr,combat,IPCAS_1,IPCAS_8,0.4928525187010281
933,ptr,combat,IPCAS_1,JHNU,0.4928189189045454
934,ptr,combat,IPCAS_1,MRN_1,0.4928538845730345
935,ptr,combat,IPCAS_1,NYU_1,0.4928757956293997
936,ptr,combat,IPCAS_1,NYU_2,0.49291279039186303
937,ptr,combat,IPCAS_1,SWU1,0.49279259517227675
938,ptr,combat,IPCAS_1,SWU2,0.49281691675624545
939,ptr,combat,IPCAS_1,SWU3,0.49278642651893284
940,ptr,combat,IPCAS_1,SWU4,0.49289471136136187
941,ptr,combat,IPCAS_1,UPSM_1,0.4928924781749491
942,ptr,combat,IPCAS_1,UWM,0.492841996055109
943,ptr,combat,IPCAS_1,Utah1,0.49283778297295117
944,ptr,combat,IPCAS_1,XHCUMS,0.4929075502521958
945,ptr,combat,IPCAS_2,BMB_1,0.4928395201448377
946,ptr,combat,IPCAS_2,BNU1,0.4928770390484345
947,ptr,combat,IPCAS_2,BNU2,0.49282138071859516
948,ptr,combat,IPCAS_2,BNU3,0.4928102159382791
949,ptr,combat,IPCAS_2,HNU1,0.4928746965031295
950,ptr,combat,IPCAS_2,IACAS_1,0.4928476205047836
951,ptr,combat,IPCAS_2,IBATRT,0.4928604978906454
952,ptr,combat,IPCAS_2,IPCAS_1,0.4928279858623059
953,ptr,combat,IPCAS_2,IPCAS_2,0.4928233329776297
954,ptr,combat,IPCAS_2,IPCAS_3,0.4928035266086581
955,ptr,combat,IPCAS_2,IPCAS_4,0.4928878786969716
956,ptr,combat,IPCAS_2,IPCAS_5,0.49278136439301823
957,ptr,combat,IPCAS_2,IPCAS_6,0.49277676566507456
958,ptr,combat,IPCAS_2,IPCAS_7,0.4928168848053023
959,ptr,combat,IPCAS_2,IPCAS_8,0.49285779229959453
960,ptr,combat,IPCAS_2,JHNU,0.4928107167766317
961,ptr,combat,IPCAS_2,MRN_1,0.4928574650113519
962,ptr,combat,IPCAS_2,NYU_1,0.4928867498739478
963,ptr,combat,IPCAS_2,NYU_2,0.49291859539371663
964,ptr,combat,IPCAS_2,SWU1,0.49278050552491126
965,ptr,combat,IPCAS_2,SWU2,0.49280755633661627
966,ptr,combat,IPCAS_2,SWU3,0.4927641061495371
967,ptr,combat,IPCAS_2,SWU4,0.49289962382233066
968,ptr,combat,IPCAS_2,UPSM_1,0.49290030990000117
969,ptr,combat,IPCAS_2,UWM,0.4928420777093255
970,ptr,combat,IPCAS_2,Utah1,0.4928365269369074
971,ptr,combat,IPCAS_2,XHCUMS,0.49291760729411893
972,ptr,combat,IPCAS_3,BMB_1,0.4928240979148276
973,ptr,combat,IPCAS_3,BNU1,0.4928584043170326
974,ptr,combat,IPCAS_3,BNU2,0.4928067265998222
975,ptr,combat,IPCAS_3,BNU3,0.4927977809856831
976,ptr,combat,IPCAS_3,HNU1,0.4928656876006827
977,ptr,combat,IPCAS_3,IACAS_1,0.49282405204507385
978,ptr,combat,IPCAS_3,IBATRT,0.4928421643007576
979,ptr,combat,IPCAS_3,IPCAS_1,0.49281268243149
980,ptr,combat,IPCAS_3,IPCAS_2,0.4928035266086581
981,ptr,combat,IPCAS_3,IPCAS_3,0.49278625951775956
982,ptr,combat,IPCAS_3,IPCAS_4,0.49285790253541817
983,ptr,combat,IPCAS_3,IPCAS_5,0.4927641974206312
984,ptr,combat,IPCAS_3,IPCAS_6,0.49276232485112015
985,ptr,combat,IPCAS_3,IPCAS_7,0.49280391577710697
986,ptr,combat,IPCAS_3,IPCAS_8,0.4928266738083491
987,ptr,combat,IPCAS_3,JHNU,0.492790676429821
988,ptr,combat,IPCAS_3,MRN_1,0.49283798880528507
989,ptr,combat,IPCAS_3,NYU_1,0.4928637047835357
990,ptr,combat,IPCAS_3,NYU_2,0.49291188622437826
991,ptr,combat,IPCAS_3,SWU1,0.4927680006754559
992,ptr,combat,IPCAS_3,SWU2,0.49278684449222426
993,ptr,combat,IPCAS_3,SWU3,0.49274556210446485
994,ptr,combat,IPCAS_3,SWU4,0.4928924012169615
995,ptr,combat,IPCAS_3,UPSM_1,0.4928884219159308
996,ptr,combat,IPCAS_3,UWM,0.4928219523682351
997,ptr,combat,IPCAS_3,Utah1,0.49281701939198747
998,ptr,combat,IPCAS_3,XHCUMS,0.4929052777988304
999,ptr,combat,IPCAS_4,BMB_1,0.49288592125965486
1000,ptr,combat,IPCAS_4,BNU1,0.4929350849913896
1001,ptr,combat,IPCAS_4,BNU2,0.4928651546074303
1002,ptr,combat,IPCAS_4,BNU3,0.49284610539799173
1003,ptr,combat,IPCAS_4,HNU1,0.4928994291984321
1004,ptr,combat,IPCAS_4,IACAS_1,0.4929281572253016
1005,ptr,combat,IPCAS_4,IBATRT,0.49291772328531225
1006,ptr,combat,IPCAS_4,IPCAS_1,0.492874097670487
1007,ptr,combat,IPCAS_4,IPCAS_2,0.4928878786969716
1008,ptr,combat,IPCAS_4,IPCAS_3,0.49285790253541817
1009,ptr,combat,IPCAS_4,IPCAS_4,0.4929976064198526
1010,ptr,combat,IPCAS_4,IPCAS_5,0.49283604191490327
1011,ptr,combat,IPCAS_4,IPCAS_6,0.4928203583799773
1012,ptr,combat,IPCAS_4,IPCAS_7,0.4928546091878787
1013,ptr,combat,IPCAS_4,IPCAS_8,0.4929780316738966
1014,ptr,combat,IPCAS_4,JHNU,0.4928768936172417
1015,ptr,combat,IPCAS_4,MRN_1,0.4929193918444235
1016,ptr,combat,IPCAS_4,NYU_1,0.49296280735904185
1017,ptr,combat,IPCAS_4,NYU_2,0.49293661088033186
1018,ptr,combat,IPCAS_4,SWU1,0.4928168059589538
1019,ptr,combat,IPCAS_4,SWU2,0.4928770158232178
1020,ptr,combat,IPCAS_4,SWU3,0.49282588041119196
1021,ptr,combat,IPCAS_4,SWU4,0.49291908339784496
1022,ptr,combat,IPCAS_4,UPSM_1,0.4929341109796879
1023,ptr,combat,IPCAS_4,UWM,0.49290725849346795
1024,ptr,combat,IPCAS_4,Utah1,0.49289926512963145
1025,ptr,combat,IPCAS_4,XHCUMS,0.492952811025074
1026,ptr,combat,IPCAS_5,BMB_1,0.4928094587684747
1027,ptr,combat,IPCAS_5,BNU1,0.49284496708217707
1028,ptr,combat,IPCAS_5,BNU2,0.492790795420465
1029,ptr,combat,IPCAS_5,BNU3,0.4927833110601046
1030,ptr,combat,IPCAS_5,HNU1,0.49285961163076064
1031,ptr,combat,IPCAS_5,IACAS_1,0.4928015443454149
1032,ptr,combat,IPCAS_5,IBATRT,0.4928270674056338
1033,ptr,combat,IPCAS_5,IPCAS_1,0.4927967942813693
1034,ptr,combat,IPCAS_5,IPCAS_2,0.49278136439301823
1035,ptr,combat,IPCAS_5,IPCAS_3,0.4927641974206312
1036,ptr,combat,IPCAS_5,IPCAS_4,0.49283604191490327
1037,ptr,combat,IPCAS_5,IPCAS_5,0.4927381240331156
1038,ptr,combat,IPCAS_5,IPCAS_6,0.49274011871018314
1039,ptr,combat,IPCAS_5,IPCAS_7,0.49278952224859085
1040,ptr,combat,IPCAS_5,IPCAS_8,0.4927974132594423
1041,ptr,combat,IPCAS_5,JHNU,0.49276588326282283
1042,ptr,combat,IPCAS_5,MRN_1,0.49282139016543974
1043,ptr,combat,IPCAS_5,NYU_1,0.4928477643665343
1044,ptr,combat,IPCAS_5,NYU_2,0.4929089104284655
1045,ptr,combat,IPCAS_5,SWU1,0.4927496436587308
1046,ptr,combat,IPCAS_5,SWU2,0.4927604284731165
1047,ptr,combat,IPCAS_5,SWU3,0.49271283611387523
1048,ptr,combat,IPCAS_5,SWU4,0.4928885485011799
1049,ptr,combat,IPCAS_5,UPSM_1,0.49288183072265956
1050,ptr,combat,IPCAS_5,UWM,0.492802458554187
1051,ptr,combat,IPCAS_5,Utah1,0.4927973842626462
1052,ptr,combat,IPCAS_5,XHCUMS,0.4928994292282164
1053,ptr,combat,IPCAS_6,BMB_1,0.49280278798739824
1054,ptr,combat,IPCAS_6,BNU1,0.4928334718599576
1055,ptr,combat,IPCAS_6,BNU2,0.4927862139604945
1056,ptr,combat,IPCAS_6,BNU3,0.49278000627794555
1057,ptr,combat,IPCAS_6,HNU1,0.49285293334173286
1058,ptr,combat,IPCAS_6,IACAS_1,0.49279319318767273
1059,ptr,combat,IPCAS_6,IBATRT,0.49281747018817146
1060,ptr,combat,IPCAS_6,IPCAS_1,0.49279141724050873
1061,ptr,combat,IPCAS_6,IPCAS_2,0.49277676566507456
1062,ptr,combat,IPCAS_6,IPCAS_3,0.49276232485112015
1063,ptr,combat,IPCAS_6,IPCAS_4,0.4928203583799773
1064,ptr,combat,IPCAS_6,IPCAS_5,0.49274011871018314
1065,ptr,combat,IPCAS_6,IPCAS_6,0.49274158147336594
1066,ptr,combat,IPCAS_6,IPCAS_7,0.4927855118679432
1067,ptr,combat,IPCAS_6,IPCAS_8,0.49278782901970714
1068,ptr,combat,IPCAS_6,JHNU,0.4927635162502199
1069,ptr,combat,IPCAS_6,MRN_1,0.4928119114151408
1070,ptr,combat,IPCAS_6,NYU_1,0.49283370255817344
1071,ptr,combat,IPCAS_6,NYU_2,0.4929024357210022
1072,ptr,combat,IPCAS_6,SWU1,0.4927498096807774
1073,ptr,combat,IPCAS_6,SWU2,0.492758871966606
1074,ptr,combat,IPCAS_6,SWU3,0.4927195866997892
1075,ptr,combat,IPCAS_6,SWU4,0.4928821797413131
1076,ptr,combat,IPCAS_6,UPSM_1,0.49287202512601447
1077,ptr,combat,IPCAS_6,UWM,0.49279498668216754
1078,ptr,combat,IPCAS_6,Utah1,0.4927907311136269
1079,ptr,combat,IPCAS_6,XHCUMS,0.4928884070763282
1080,ptr,combat,IPCAS_7,BMB_1,0.49282987900682634
1081,ptr,combat,IPCAS_7,BNU1,0.49285586808525533
1082,ptr,combat,IPCAS_7,BNU2,0.4928167270085424
1083,ptr,combat,IPCAS_7,BNU3,0.4928088187797905
1084,ptr,combat,IPCAS_7,HNU1,0.4928632433356747
1085,ptr,combat,IPCAS_7,IACAS_1,0.4928317747519672
1086,ptr,combat,IPCAS_7,IBATRT,0.49284376000072355
1087,ptr,combat,IPCAS_7,IPCAS_1,0.4928213865412792
1088,ptr,combat,IPCAS_7,IPCAS_2,0.4928168848053023
1089,ptr,combat,IPCAS_7,IPCAS_3,0.49280391577710697
1090,ptr,combat,IPCAS_7,IPCAS_4,0.4928546091878787
1091,ptr,combat,IPCAS_7,IPCAS_5,0.49278952224859085
1092,ptr,combat,IPCAS_7,IPCAS_6,0.4927855118679432
1093,ptr,combat,IPCAS_7,IPCAS_7,0.4928137528358862
1094,ptr,combat,IPCAS_7,IPCAS_8,0.492834766450043
1095,ptr,combat,IPCAS_7,JHNU,0.4928085525097705
1096,ptr,combat,IPCAS_7,MRN_1,0.4928408039312113
1097,ptr,combat,IPCAS_7,NYU_1,0.49285927435590593
1098,ptr,combat,IPCAS_7,NYU_2,0.49290568182867295
1099,ptr,combat,IPCAS_7,SWU1,0.49278723277105646
1100,ptr,combat,IPCAS_7,SWU2,0.4928064980804765
1101,ptr,combat,IPCAS_7,SWU3,0.4927798218042607
1102,ptr,combat,IPCAS_7,SWU4,0.49288759184933345
1103,ptr,combat,IPCAS_7,UPSM_1,0.4928817056885018
1104,ptr,combat,IPCAS_7,UWM,0.49282956217199453
1105,ptr,combat,IPCAS_7,Utah1,0.4928259684810916
1106,ptr,combat,IPCAS_7,XHCUMS,0.4928958138071718
1107,ptr,combat,IPCAS_8,BMB_1,0.49286636286598456
1108,ptr,combat,IPCAS_8,BNU1,0.49291866655781713
1109,ptr,combat,IPCAS_8,BNU2,0.49284330558932615
1110,ptr,combat,IPCAS_8,BNU3,0.4928260292359964
1111,ptr,combat,IPCAS_8,HNU1,0.4928912500133619
1112,ptr,combat,IPCAS_8,IACAS_1,0.4929002038678101
1113,ptr,combat,IPCAS_8,IBATRT,0.49289859394311636
1114,ptr,combat,IPCAS_8,IPCAS_1,0.4928525187010281
1115,ptr,combat,IPCAS_8,IPCAS_2,0.49285779229959453
1116,ptr,combat,IPCAS_8,IPCAS_3,0.4928266738083491
1117,ptr,combat,IPCAS_8,IPCAS_4,0.4929780316738966
1118,ptr,combat,IPCAS_8,IPCAS_5,0.4927974132594423
1119,ptr,combat,IPCAS_8,IPCAS_6,0.49278782901970714
1120,ptr,combat,IPCAS_8,IPCAS_7,0.492834766450043
1121,ptr,combat,IPCAS_8,IPCAS_8,0.4929479166801183
1122,ptr,combat,IPCAS_8,JHNU,0.49284222021643176
1123,ptr,combat,IPCAS_8,MRN_1,0.49289845379802777
1124,ptr,combat,IPCAS_8,NYU_1,0.4929451923087006
1125,ptr,combat,IPCAS_8,NYU_2,0.4929324921264233
1126,ptr,combat,IPCAS_8,SWU1,0.492790439478363
1127,ptr,combat,IPCAS_8,SWU2,0.49283976330339285
1128,ptr,combat,IPCAS_8,SWU3,0.49277454572571483
1129,ptr,combat,IPCAS_8,SWU4,0.4929138163151548
1130,ptr,combat,IPCAS_8,UPSM_1,0.49292559195861196
1131,ptr,combat,IPCAS_8,UWM,0.4928819436003741
1132,ptr,combat,IPCAS_8,Utah1,0.49287335531122184
1133,ptr,combat,IPCAS_8,XHCUMS,0.49294540149318183
1134,ptr,combat,JHNU,BMB_1,0.49283126805378175
1135,ptr,combat,JHNU,BNU1,0.4928698991378243
1136,ptr,combat,JHNU,BNU2,0.4928122206523032
1137,ptr,combat,JHNU,BNU3,0.492801785496894
1138,ptr,combat,JHNU,HNU1,0.49287135215445255
1139,ptr,combat,JHNU,IACAS_1,0.49283526769164876
1140,ptr,combat,JHNU,IBATRT,0.4928522631754978
1141,ptr,combat,JHNU,IPCAS_1,0.4928189189045454
1142,ptr,combat,JHNU,IPCAS_2,0.4928107167766317
1143,ptr,combat,JHNU,IPCAS_3,0.492790676429821
1144,ptr,combat,JHNU,IPCAS_4,0.4928768936172417
1145,ptr,combat,JHNU,IPCAS_5,0.49276588326282283
1146,ptr,combat,JHNU,IPCAS_6,0.4927635162502199
1147,ptr,combat,JHNU,IPCAS_7,0.4928085525097705
1148,ptr,combat,JHNU,IPCAS_8,0.49284222021643176
1149,ptr,combat,JHNU,JHNU,0.4927964184155007
1150,ptr,combat,JHNU,MRN_1,0.49284839867717645
1151,ptr,combat,JHNU,NYU_1,0.4928785458846348
1152,ptr,combat,JHNU,NYU_2,0.4929170588632675
1153,ptr,combat,JHNU,SWU1,0.49276956980787484
1154,ptr,combat,JHNU,SWU2,0.49279228364489835
1155,ptr,combat,JHNU,SWU3,0.49274440154243815
1156,ptr,combat,JHNU,SWU4,0.4928975653244412
1157,ptr,combat,JHNU,UPSM_1,0.4928968648712124
1158,ptr,combat,JHNU,UWM,0.49283122648062766
1159,ptr,combat,JHNU,Utah1,0.4928255099876118
1160,ptr,combat,JHNU,XHCUMS,0.4929146698224609
1161,ptr,combat,MRN_1,BMB_1,0.4928635627117442
1162,ptr,combat,MRN_1,BNU1,0.4928989487177366
1163,ptr,combat,MRN_1,BNU2,0.49284741781782543
1164,ptr,combat,MRN_1,BNU3,0.4928342975677949
1165,ptr,combat,MRN_1,HNU1,0.49288577208753825
1166,ptr,combat,MRN_1,IACAS_1,0.4928814585937177
1167,ptr,combat,MRN_1,IBATRT,0.4928848665023493
1168,ptr,combat,MRN_1,IPCAS_1,0.4928538845730345
1169,ptr,combat,MRN_1,IPCAS_2,0.4928574650113519
1170,ptr,combat,MRN_1,IPCAS_3,0.49283798880528507
1171,ptr,combat,MRN_1,IPCAS_4,0.4929193918444235
1172,ptr,combat,MRN_1,IPCAS_5,0.49282139016543974
1173,ptr,combat,MRN_1,IPCAS_6,0.4928119114151408
1174,ptr,combat,MRN_1,IPCAS_7,0.4928408039312113
1175,ptr,combat,MRN_1,IPCAS_8,0.49289845379802777
1176,ptr,combat,MRN_1,JHNU,0.49284839867717645
1177,ptr,combat,MRN_1,MRN_1,0.4928838397646828
1178,ptr,combat,MRN_1,NYU_1,0.49291163490053874
1179,ptr,combat,MRN_1,NYU_2,0.49292446048623617
1180,ptr,combat,MRN_1,SWU1,0.4928103661351286
1181,ptr,combat,MRN_1,SWU2,0.4928472755625382
1182,ptr,combat,MRN_1,SWU3,0.49281268177507825
1183,ptr,combat,MRN_1,SWU4,0.49290698579978565
1184,ptr,combat,MRN_1,UPSM_1,0.49291221260067203
1185,ptr,combat,MRN_1,UWM,0.4928724439831095
1186,ptr,combat,MRN_1,Utah1,0.49286719795554457
1187,ptr,combat,MRN_1,XHCUMS,0.49292832103533685
1188,ptr,combat,NYU_1,BMB_1,0.49288544479100693
1189,ptr,combat,NYU_1,BNU1,0.49292506486985893
1190,ptr,combat,NYU_1,BNU2,0.49286843917448503
1191,ptr,combat,NYU_1,BNU3,0.49285204441064867
1192,ptr,combat,NYU_1,HNU1,0.4928979206937825
1193,ptr,combat,NYU_1,IACAS_1,0.4929160713008095
1194,ptr,combat,NYU_1,IBATRT,0.49291083195797286
1195,ptr,combat,NYU_1,IPCAS_1,0.4928757956293997
1196,ptr,combat,NYU_1,IPCAS_2,0.4928867498739478
1197,ptr,combat,NYU_1,IPCAS_3,0.4928637047835357
1198,ptr,combat,NYU_1,IPCAS_4,0.49296280735904185
1199,ptr,combat,NYU_1,IPCAS_5,0.4928477643665343
1200,ptr,combat,NYU_1,IPCAS_6,0.49283370255817344
1201,ptr,combat,NYU_1,IPCAS_7,0.49285927435590593
1202,ptr,combat,NYU_1,IPCAS_8,0.4929451923087006
1203,ptr,combat,NYU_1,JHNU,0.4928785458846348
1204,ptr,combat,NYU_1,MRN_1,0.49291163490053874
1205,ptr,combat,NYU_1,NYU_1,0.4929442478599426
1206,ptr,combat,NYU_1,NYU_2,0.4929333353573317
1207,ptr,combat,NYU_1,SWU1,0.492828796289563
1208,ptr,combat,NYU_1,SWU2,0.49287871178359727
1209,ptr,combat,NYU_1,SWU3,0.492842479736067
1210,ptr,combat,NYU_1,SWU4,0.4929165911787136
1211,ptr,combat,NYU_1,UPSM_1,0.492928276384319
1212,ptr,combat,NYU_1,UWM,0.49290166039633615
1213,ptr,combat,NYU_1,Utah1,0.49289558126887156
1214,ptr,combat,NYU_1,XHCUMS,0.49294490825502163
1215,ptr,combat,NYU_2,BMB_1,0.49291548895761605
1216,ptr,combat,NYU_2,BNU1,0.49292812099190036
1217,ptr,combat,NYU_2,BNU2,0.4929102328472489
1218,ptr,combat,NYU_2,BNU3,0.4929029134594987
1219,ptr,combat,NYU_2,HNU1,0.49291457136459893
1220,ptr,combat,NYU_2,IACAS_1,0.4929262786250781
1221,ptr,combat,NYU_2,IBATRT,0.4929239656593837
1222,ptr,combat,NYU_2,IPCAS_1,0.49291279039186303
1223,ptr,combat,NYU_2,IPCAS_2,0.49291859539371663
1224,ptr,combat,NYU_2,IPCAS_3,0.49291188622437826
1225,ptr,combat,NYU_2,IPCAS_4,0.49293661088033186
1226,ptr,combat,NYU_2,IPCAS_5,0.4929089104284655
1227,ptr,combat,NYU_2,IPCAS_6,0.4929024357210022
1228,ptr,combat,NYU_2,IPCAS_7,0.49290568182867295
1229,ptr,combat,NYU_2,IPCAS_8,0.4929324921264233
1230,ptr,combat,NYU_2,JHNU,0.4929170588632675
1231,ptr,combat,NYU_2,MRN_1,0.49292446048623617
1232,ptr,combat,NYU_2,NYU_1,0.4929333353573317
1233,ptr,combat,NYU_2,NYU_2,0.4929316819478454
1234,ptr,combat,NYU_2,SWU1,0.49289763917730156
1235,ptr,combat,NYU_2,SWU2,0.49291751875186146
1236,ptr,combat,NYU_2,SWU3,0.49290998895148214
1237,ptr,combat,NYU_2,SWU4,0.49292243698546145
1238,ptr,combat,NYU_2,UPSM_1,0.49292894934055864
1239,ptr,combat,NYU_2,UWM,0.492922128130067
1240,ptr,combat,NYU_2,Utah1,0.49292044113209127
1241,ptr,combat,NYU_2,XHCUMS,0.49293598312806935
1242,ptr,combat,SWU1,BMB_1,0.4928025566335995
1243,ptr,combat,SWU1,BNU1,0.4928292713005702
1244,ptr,combat,SWU1,BNU2,0.4927880086998289
1245,ptr,combat,SWU1,BNU3,0.4927823080878936
1246,ptr,combat,SWU1,HNU1,0.4928493306953515
1247,ptr,combat,SWU1,IACAS_1,0.49279447454189135
1248,ptr,combat,SWU1,IBATRT,0.4928152734878044
1249,ptr,combat,SWU1,IPCAS_1,0.49279259517227675
1250,ptr,combat,SWU1,IPCAS_2,0.49278050552491126
1251,ptr,combat,SWU1,IPCAS_3,0.4927680006754559
1252,ptr,combat,SWU1,IPCAS_4,0.4928168059589538
1253,ptr,combat,SWU1,IPCAS_5,0.4927496436587308
1254,ptr,combat,SWU1,IPCAS_6,0.4927498096807774
1255,ptr,combat,SWU1,IPCAS_7,0.49278723277105646
1256,ptr,combat,SWU1,IPCAS_8,0.492790439478363
1257,ptr,combat,SWU1,JHNU,0.49276956980787484
1258,ptr,combat,SWU1,MRN_1,0.4928103661351286
1259,ptr,combat,SWU1,NYU_1,0.492828796289563
1260,ptr,combat,SWU1,NYU_2,0.49289763917730156
1261,ptr,combat,SWU1,SWU1,0.4927560326947862
1262,ptr,combat,SWU1,SWU2,0.4927659139957682
1263,ptr,combat,SWU1,SWU3,0.49273387484392706
1264,ptr,combat,SWU1,SWU4,0.49287786958697805
1265,ptr,combat,SWU1,UPSM_1,0.4928661134624673
1266,ptr,combat,SWU1,UWM,0.49279586783832097
1267,ptr,combat,SWU1,Utah1,0.4927922329288388
1268,ptr,combat,SWU1,XHCUMS,0.492881196146962
1269,ptr,combat,SWU2,BMB_1,0.49282976077781054
1270,ptr,combat,SWU2,BNU1,0.49286970864085705
1271,ptr,combat,SWU2,BNU2,0.4928100314056294
1272,ptr,combat,SWU2,BNU3,0.4927995675102256
1273,ptr,combat,SWU2,HNU1,0.49287129068152885
1274,ptr,combat,SWU2,IACAS_1,0.49283308174493495
1275,ptr,combat,SWU2,IBATRT,0.4928513781411553
1276,ptr,combat,SWU2,IPCAS_1,0.49281691675624545
1277,ptr,combat,SWU2,IPCAS_2,0.49280755633661627
1278,ptr,combat,SWU2,IPCAS_3,0.49278684449222426
1279,ptr,combat,SWU2,IPCAS_4,0.4928770158232178
1280,ptr,combat,SWU2,IPCAS_5,0.4927604284731165
1281,ptr,combat,SWU2,IPCAS_6,0.492758871966606
1282,ptr,combat,SWU2,IPCAS_7,0.4928064980804765
1283,ptr,combat,SWU2,IPCAS_8,0.49283976330339285
1284,ptr,combat,SWU2,JHNU,0.49279228364489835
1285,ptr,combat,SWU2,MRN_1,0.4928472755625382
1286,ptr,combat,SWU2,NYU_1,0.49287871178359727
1287,ptr,combat,SWU2,NYU_2,0.49291751875186146
1288,ptr,combat,SWU2,SWU1,0.4927659139957682
1289,ptr,combat,SWU2,SWU2,0.49278768945533996
1290,ptr,combat,SWU2,SWU3,0.4927365668915675
1291,ptr,combat,SWU2,SWU4,0.492897846481298
1292,ptr,combat,SWU2,UPSM_1,0.49289732724757035
1293,ptr,combat,SWU2,UWM,0.4928291914770781
1294,ptr,combat,SWU2,Utah1,0.49282324422871104
1295,ptr,combat,SWU2,XHCUMS,0.4929154995945623
1296,ptr,combat,SWU3,BMB_1,0.4928009915862592
1297,ptr,combat,SWU3,BNU1,0.49284039217445513
1298,ptr,combat,SWU3,BNU2,0.49277994896188
1299,ptr,combat,SWU3,BNU3,0.49277316102634083
1300,ptr,combat,SWU3,HNU1,0.49285844835040793
1301,ptr,combat,SWU3,IACAS_1,0.49278606077403897
1302,ptr,combat,SWU3,IBATRT,0.4928198524775205
1303,ptr,combat,SWU3,IPCAS_1,0.49278642651893284
1304,ptr,combat,SWU3,IPCAS_2,0.4927641061495371
1305,ptr,combat,SWU3,IPCAS_3,0.49274556210446485
1306,ptr,combat,SWU3,IPCAS_4,0.49282588041119196
1307,ptr,combat,SWU3,IPCAS_5,0.49271283611387523
1308,ptr,combat,SWU3,IPCAS_6,0.4927195866997892
1309,ptr,combat,SWU3,IPCAS_7,0.4927798218042607
1310,ptr,combat,SWU3,IPCAS_8,0.49277454572571483
1311,ptr,combat,SWU3,JHNU,0.49274440154243815
1312,ptr,combat,SWU3,MRN_1,0.49281268177507825
1313,ptr,combat,SWU3,NYU_1,0.492842479736067
1314,ptr,combat,SWU3,NYU_2,0.49290998895148214
1315,ptr,combat,SWU3,SWU1,0.49273387484392706
1316,ptr,combat,SWU3,SWU2,0.4927365668915675
1317,ptr,combat,SWU3,SWU3,0.49267655344713907
1318,ptr,combat,SWU3,SWU4,0.49288892032060266
1319,ptr,combat,SWU3,UPSM_1,0.49288198248655807
1320,ptr,combat,SWU3,UWM,0.4927896853596951
1321,ptr,combat,SWU3,Utah1,0.4927839936743184
1322,ptr,combat,SWU3,XHCUMS,0.4929008409018616
1323,ptr,combat,SWU4,BMB_1,0.492897937806839
1324,ptr,combat,SWU4,BNU1,0.49291169461675244
1325,ptr,combat,SWU4,BNU2,0.49289197242596544
1326,ptr,combat,SWU4,BNU3,0.4928846257164922
1327,ptr,combat,SWU4,HNU1,0.49290127533526124
1328,ptr,combat,SWU4,IACAS_1,0.4929078622215462
1329,ptr,combat,SWU4,IBATRT,0.4929068253343688
1330,ptr,combat,SWU4,IPCAS_1,0.49289471136136187
1331,ptr,combat,SWU4,IPCAS_2,0.49289962382233066
1332,ptr,combat,SWU4,IPCAS_3,0.4928924012169615
1333,ptr,combat,SWU4,IPCAS_4,0.49291908339784496
1334,ptr,combat,SWU4,IPCAS_5,0.4928885485011799
1335,ptr,combat,SWU4,IPCAS_6,0.4928821797413131
1336,ptr,combat,SWU4,IPCAS_7,0.49288759184933345
1337,ptr,combat,SWU4,IPCAS_8,0.4929138163151548
1338,ptr,combat,SWU4,JHNU,0.4928975653244412
1339,ptr,combat,SWU4,MRN_1,0.49290698579978565
1340,ptr,combat,SWU4,NYU_1,0.4929165911787136
1341,ptr,combat,SWU4,NYU_2,0.49292243698546145
1342,ptr,combat,SWU4,SWU1,0.49287786958697805
1343,ptr,combat,SWU4,SWU2,0.492897846481298
1344,ptr,combat,SWU4,SWU3,0.49288892032060266
1345,ptr,combat,SWU4,SWU4,0.4929117447976571
1346,ptr,combat,SWU4,UPSM_1,0.4929157028588435
1347,ptr,combat,SWU4,UWM,0.49290389113986477
1348,ptr,combat,SWU4,Utah1,0.4929020525480591
1349,ptr,combat,SWU4,XHCUMS,0.49292350972231186
1350,ptr,combat,UPSM_1,BMB_1,0.4928975681499208
1351,ptr,combat,UPSM_1,BNU1,0.4929194162490189
1352,ptr,combat,UPSM_1,BNU2,0.49288820654856735
1353,ptr,combat,UPSM_1,BNU3,0.4928772322036309
1354,ptr,combat,UPSM_1,HNU1,0.4929022780724424
1355,ptr,combat,UPSM_1,IACAS_1,0.49291430311344275
1356,ptr,combat,UPSM_1,IBATRT,0.49291176579051876
1357,ptr,combat,UPSM_1,IPCAS_1,0.4928924781749491
1358,ptr,combat,UPSM_1,IPCAS_2,0.49290030990000117
1359,ptr,combat,UPSM_1,IPCAS_3,0.4928884219159308
1360,ptr,combat,UPSM_1,IPCAS_4,0.4929341109796879
1361,ptr,combat,UPSM_1,IPCAS_5,0.49288183072265956
1362,ptr,combat,UPSM_1,IPCAS_6,0.49287202512601447
1363,ptr,combat,UPSM_1,IPCAS_7,0.4928817056885018
1364,ptr,combat,UPSM_1,IPCAS_8,0.49292559195861196
1365,ptr,combat,UPSM_1,JHNU,0.4928968648712124
1366,ptr,combat,UPSM_1,MRN_1,0.49291221260067203
1367,ptr,combat,UPSM_1,NYU_1,0.492928276384319
1368,ptr,combat,UPSM_1,NYU_2,0.49292894934055864
1369,ptr,combat,UPSM_1,SWU1,0.4928661134624673
1370,ptr,combat,UPSM_1,SWU2,0.49289732724757035
1371,ptr,combat,UPSM_1,SWU3,0.49288198248655807
1372,ptr,combat,UPSM_1,SWU4,0.4929157028588435
1373,ptr,combat,UPSM_1,UPSM_1,0.4929230682944417
1374,ptr,combat,UPSM_1,UWM,0.4929073317300865
1375,ptr,combat,UPSM_1,Utah1,0.49290428492213156
1376,ptr,combat,UPSM_1,XHCUMS,0.4929341660059885
1377,ptr,combat,UWM,BMB_1,0.4928526852036174
1378,ptr,combat,UWM,BNU1,0.492889771391732
1379,ptr,combat,UWM,BNU2,0.49283534010950586
1380,ptr,combat,UWM,BNU3,0.4928228749150278
1381,ptr,combat,UWM,HNU1,0.49288088570833993
1382,ptr,combat,UWM,IACAS_1,0.49286693191972525
1383,ptr,combat,UWM,IBATRT,0.4928743284177388
1384,ptr,combat,UWM,IPCAS_1,0.492841996055109
1385,ptr,combat,UWM,IPCAS_2,0.4928420777093255
1386,ptr,combat,UWM,IPCAS_3,0.4928219523682351
1387,ptr,combat,UWM,IPCAS_4,0.49290725849346795
1388,ptr,combat,UWM,IPCAS_5,0.492802458554187
1389,ptr,combat,UWM,IPCAS_6,0.49279498668216754
1390,ptr,combat,UWM,IPCAS_7,0.49282956217199453
1391,ptr,combat,UWM,IPCAS_8,0.4928819436003741
1392,ptr,combat,UWM,JHNU,0.49283122648062766
1393,ptr,combat,UWM,MRN_1,0.4928724439831095
1394,ptr,combat,UWM,NYU_1,0.49290166039633615
1395,ptr,combat,UWM,NYU_2,0.492922128130067
1396,ptr,combat,UWM,SWU1,0.49279586783832097
1397,ptr,combat,UWM,SWU2,0.4928291914770781
1398,ptr,combat,UWM,SWU3,0.4927896853596951
1399,ptr,combat,UWM,SWU4,0.49290389113986477
1400,ptr,combat,UWM,UPSM_1,0.4929073317300865
1401,ptr,combat,UWM,UWM,0.49285907293272957
1402,ptr,combat,UWM,Utah1,0.4928535541666282
1403,ptr,combat,UWM,XHCUMS,0.4929241676071614
1404,ptr,combat,Utah1,BMB_1,0.49284849191940805
1405,ptr,combat,Utah1,BNU1,0.4928848519962928
1406,ptr,combat,Utah1,BNU2,0.49283128171565466
1407,ptr,combat,Utah1,BNU3,0.49281940678646663
1408,ptr,combat,Utah1,HNU1,0.492878544917893
1409,ptr,combat,Utah1,IACAS_1,0.4928604579013811
1410,ptr,combat,Utah1,IBATRT,0.4928694167600133
1411,ptr,combat,Utah1,IPCAS_1,0.49283778297295117
1412,ptr,combat,Utah1,IPCAS_2,0.4928365269369074
1413,ptr,combat,Utah1,IPCAS_3,0.49281701939198747
1414,ptr,combat,Utah1,IPCAS_4,0.49289926512963145
1415,ptr,combat,Utah1,IPCAS_5,0.4927973842626462
1416,ptr,combat,Utah1,IPCAS_6,0.4927907311136269
1417,ptr,combat,Utah1,IPCAS_7,0.4928259684810916
1418,ptr,combat,Utah1,IPCAS_8,0.49287335531122184
1419,ptr,combat,Utah1,JHNU,0.4928255099876118
1420,ptr,combat,Utah1,MRN_1,0.49286719795554457
1421,ptr,combat,Utah1,NYU_1,0.49289558126887156
1422,ptr,combat,Utah1,NYU_2,0.49292044113209127
1423,ptr,combat,Utah1,SWU1,0.4927922329288388
1424,ptr,combat,Utah1,SWU2,0.49282324422871104
1425,ptr,combat,Utah1,SWU3,0.4927839936743184
1426,ptr,combat,Utah1,SWU4,0.4929020525480591
1427,ptr,combat,Utah1,UPSM_1,0.49290428492213156
1428,ptr,combat,Utah1,UWM,0.4928535541666282
1429,ptr,combat,Utah1,Utah1,0.49284817874510095
1430,ptr,combat,Utah1,XHCUMS,0.4929210416658835
1431,ptr,combat,XHCUMS,BMB_1,0.49291234078697355
1432,ptr,combat,XHCUMS,BNU1,0.49293460561946845
1433,ptr,combat,XHCUMS,BNU2,0.49290314337387736
1434,ptr,combat,XHCUMS,BNU3,0.49289122623206216
1435,ptr,combat,XHCUMS,HNU1,0.4929120353165551
1436,ptr,combat,XHCUMS,IACAS_1,0.4929322355300713
1437,ptr,combat,XHCUMS,IBATRT,0.4929272977663682
1438,ptr,combat,XHCUMS,IPCAS_1,0.4929075502521958
1439,ptr,combat,XHCUMS,IPCAS_2,0.49291760729411893
1440,ptr,combat,XHCUMS,IPCAS_3,0.4929052777988304
1441,ptr,combat,XHCUMS,IPCAS_4,0.492952811025074
1442,ptr,combat,XHCUMS,IPCAS_5,0.4928994292282164
1443,ptr,combat,XHCUMS,IPCAS_6,0.4928884070763282
1444,ptr,combat,XHCUMS,IPCAS_7,0.4928958138071718
1445,ptr,combat,XHCUMS,IPCAS_8,0.49294540149318183
1446,ptr,combat,XHCUMS,JHNU,0.4929146698224609
1447,ptr,combat,XHCUMS,MRN_1,0.49292832103533685
1448,ptr,combat,XHCUMS,NYU_1,0.49294490825502163
1449,ptr,combat,XHCUMS,NYU_2,0.49293598312806935
1450,ptr,combat,XHCUMS,SWU1,0.492881196146962
1451,ptr,combat,XHCUMS,SWU2,0.4929154995945623
1452,ptr,combat,XHCUMS,SWU3,0.4929008409018616
1453,ptr,combat,XHCUMS,SWU4,0.49292350972231186
1454,ptr,combat,XHCUMS,UPSM_1,0.4929341660059885
1455,ptr,combat,XHCUMS,UWM,0.4929241676071614
1456,ptr,combat,XHCUMS,Utah1,0.4929210416658835
1457,ptr,combat,XHCUMS,XHCUMS,0.49294512082854514
