,Dataset1,Dataset2,Transform,Effect.Batch,pvalue.Batch,Effect.Sex,pvalue.Sex
0,IPCAS6,UM,raw,0.6135400792821378,2.1507978506944123e-27,0.06738727956707417,0.00020294880946065722
1,IPCAS6,UM,ptr,-0.08741216948779071,1.0,0.08628531984458297,3.037497342000504e-05
2,IPCAS6,UM,zscore,-0.07844560433761909,1.0,0.08293366813157972,4.247634885306308e-05
3,IPCAS6,UM,combat,-0.04435608964436188,1.0,0.0855500896266787,3.269194066758562e-05
4,IPCAS6,MPG1,raw,0.9748156479151635,1.0676766707558638e-12,-0.005079626082484238,0.3893602265561845
5,IPCAS6,MPG1,ptr,,,,
6,IPCAS6,MPG1,zscore,,,,
7,IPCAS6,MPG1,combat,-0.07657870500768162,1.0,0.3063616978005667,4.5559978451999234e-05
8,IPCAS6,IPCAS8,raw,0.5147500376434626,4.726106987286323e-08,0.28471849806540134,3.849402081370717e-05
9,IPCAS6,IPCAS8,ptr,-0.1973573764026223,1.0,0.3454724368469855,6.46126306226018e-06
10,IPCAS6,IPCAS8,zscore,-0.18485810889817955,1.0,0.3340131803497968,9.03770079242071e-06
11,IPCAS6,IPCAS8,combat,-0.060225345993547244,1.0,0.3526362172363376,5.2396435088735625e-06
12,IPCAS6,NYU1,raw,0.46910698672715173,1.3492542630719198e-12,0.12703688933747345,0.0001526793528706569
13,IPCAS6,NYU1,ptr,-0.12809564981264812,1.0,0.14801746278164277,4.758848713219393e-05
14,IPCAS6,NYU1,zscore,-0.11176140807444063,1.0,0.13094792280970444,0.00012277800445073328
15,IPCAS6,NYU1,combat,-0.04575990361411224,1.0,0.1412219817889252,6.935706174240262e-05
16,IPCAS6,SWU2,raw,0.5228978596526223,2.048925782757411e-11,0.200619875818761,2.38759459574768e-05
17,IPCAS6,SWU2,ptr,-0.14983248187930673,1.0,0.23802820806136954,4.606351252283658e-06
18,IPCAS6,SWU2,zscore,-0.1351974783183625,1.0,0.227474084155951,7.319666398933275e-06
19,IPCAS6,SWU2,combat,-0.053097086620387285,1.0,0.24747250876858237,3.0454774688523857e-06
20,IPCAS6,BNU2,raw,0.36863908043644217,2.66199769081228e-12,0.11804060429210184,5.2787507126806316e-05
21,IPCAS6,BNU2,ptr,-0.09298550715837554,1.0,0.1295562471845076,2.3998687907956923e-05
22,IPCAS6,BNU2,zscore,-0.08447652332392054,1.0,0.12326106179560342,3.691152069368287e-05
23,IPCAS6,BNU2,combat,-0.03555231515032614,1.0,0.13316390993859592,1.8759032400902146e-05
24,IPCAS6,BNU1,raw,0.38560480599385205,8.650756271871275e-13,0.08338204948018915,0.0005798221161966955
25,IPCAS6,BNU1,ptr,-0.10635635408605376,1.0,0.0989252586891418,0.00019691618477516104
26,IPCAS6,BNU1,zscore,-0.09278803516359276,1.0,0.08994378798293291,0.00036708732491410164
27,IPCAS6,BNU1,combat,-0.038125967636142795,1.0,0.09414227017448927,0.00027425800625742144
28,IPCAS6,UWM,raw,0.6349324222788986,6.162124711873509e-13,0.14749799165465674,0.00034664912036351433
29,IPCAS6,UWM,ptr,-0.15258929534999835,1.0,0.22748688072740542,1.1777812790037624e-05
30,IPCAS6,UWM,zscore,-0.13849998665329674,1.0,0.20983965762740173,2.470431716245815e-05
31,IPCAS6,UWM,combat,-0.056415837096669766,1.0,0.22396690082559592,1.3650538448630865e-05
32,IPCAS6,NYU2,raw,0.24228070635804747,8.358236794883047e-17,0.0475791641926744,0.00014644882259904008
33,IPCAS6,NYU2,ptr,-0.054276134118872374,1.0,0.048696711998617505,0.0001238939332614415
34,IPCAS6,NYU2,zscore,-0.04559012035632855,1.0,0.04449826421259785,0.00023247584308619827
35,IPCAS6,NYU2,combat,-0.02474933911863837,1.0,0.048099634500690006,0.00013547128953545577
36,IPCAS6,HNU1,raw,0.19407920134965587,7.316486287233943e-16,0.11500750800479981,4.3424880345766625e-10
37,IPCAS6,HNU1,ptr,-0.036596357242826734,1.0,0.11237999130063742,6.771502995120663e-10
38,IPCAS6,HNU1,zscore,-0.03195201988007778,1.0,0.11120387086949067,8.261979438572367e-10
39,IPCAS6,HNU1,combat,-0.01642413107336049,1.0,0.1166037915062379,3.315637137288292e-10
40,IPCAS6,IPCAS1,raw,0.5502850628076452,1.1761713878813224e-12,0.21657770569951293,5.988121034326439e-06
41,IPCAS6,IPCAS1,ptr,-0.1498608298548075,1.0,0.21861459698177638,5.4413021967703695e-06
42,IPCAS6,IPCAS1,zscore,-0.13820232827847848,1.0,0.20585733888029775,9.917943865982361e-06
43,IPCAS6,IPCAS1,combat,-0.05448677638908786,1.0,0.23613371806761013,2.3910528793646067e-06
44,IPCAS6,UPSM1,raw,0.301044920868405,5.413010851220723e-19,0.03903603413898236,0.0008406026687871357
45,IPCAS6,UPSM1,ptr,,,,
46,IPCAS6,UPSM1,zscore,,,,
47,IPCAS6,UPSM1,combat,-0.025600599447597325,1.0,0.042256421561697885,0.0005358246353356756
48,IPCAS6,IACAS,raw,0.6390931127935499,2.787064148991332e-14,0.15339749080388806,0.00012927153446619616
49,IPCAS6,IACAS,ptr,,,,
50,IPCAS6,IACAS,zscore,,,,
51,IPCAS6,IACAS,combat,-0.057577864475809266,1.0,0.2352696880046262,2.8145519121571006e-06
52,IPCAS6,BNU3,raw,0.4684340985788713,8.965572161576874e-10,0.1824268375904105,9.521497216450574e-05
53,IPCAS6,BNU3,ptr,-0.16375619870342112,1.0,0.23263989303381988,1.2109660501484145e-05
54,IPCAS6,BNU3,zscore,-0.1440714556516981,1.0,0.20803958414030155,3.3167341422704923e-05
55,IPCAS6,BNU3,combat,-0.04762898328556984,1.0,0.22256340876504882,1.828619113044372e-05
56,IPCAS6,JHNU,raw,0.5371943846503179,2.144081140461893e-12,0.157696846807898,9.707714429268043e-05
57,IPCAS6,JHNU,ptr,,,,
58,IPCAS6,JHNU,zscore,,,,
59,IPCAS6,JHNU,combat,-0.05094353028645649,1.0,0.19148209699221092,1.9542281748985515e-05
60,IPCAS6,Utah1,raw,0.5507246470597877,1.0901156224505038e-11,0.5485679847109866,1.193094937251732e-11
61,IPCAS6,Utah1,ptr,-0.1551715865096363,1.0,0.26682047486669247,1.7250147435654189e-06
62,IPCAS6,Utah1,zscore,-0.1316244425602949,1.0,0.23666602037462067,6.261303447753668e-06
63,IPCAS6,Utah1,combat,-0.05781987186437309,1.0,0.3311143019839252,1.1218806921938905e-07
64,IPCAS6,IBATRT,raw,0.5552620973710543,1.5892386927067774e-11,0.18381306400656305,7.402645617971024e-05
65,IPCAS6,IBATRT,ptr,-0.1446764434276644,1.0,0.2422728152373773,6.342935461914701e-06
66,IPCAS6,IBATRT,zscore,-0.13453109187049916,1.0,0.2295993002560316,1.0780149124257198e-05
67,IPCAS6,IBATRT,combat,-0.054492123214345864,1.0,0.25415535625645996,3.861438558820063e-06
68,IPCAS6,LMU3,raw,0.5789833978297357,6.033474207355564e-12,0.20420265218039,3.131620582376217e-05
69,IPCAS6,LMU3,ptr,-0.16930127732512446,1.0,0.2625514885598318,2.720659546152935e-06
70,IPCAS6,LMU3,zscore,-0.1527745407582003,1.0,0.24557059699247913,5.5262664797828964e-06
71,IPCAS6,LMU3,combat,-0.06171329599761752,1.0,0.26804348453576626,2.16419018505115e-06
72,IPCAS6,SWU1,raw,0.45671867404954447,1.092792470788209e-10,0.22155941030291362,5.319154488941982e-06
73,IPCAS6,SWU1,ptr,-0.14185340766010998,1.0,0.24038254720859736,2.2206127207166597e-06
74,IPCAS6,SWU1,zscore,-0.13229872014244046,1.0,0.23781853197518926,2.5008284202510614e-06
75,IPCAS6,SWU1,combat,-0.049362620792236446,1.0,0.24457085462447237,1.8289763458299555e-06
76,IPCAS6,IPCAS5,raw,0.49412913811257553,8.839164183340393e-10,0.42902351435753333,1.0492822538307406e-08
77,IPCAS6,IPCAS5,ptr,,,,
78,IPCAS6,IPCAS5,zscore,,,,
79,IPCAS6,IPCAS5,combat,-0.027716707021773267,1.0,0.3351247444953808,3.7883936116076593e-07
80,UM,MPG1,raw,0.9758608797049366,1.5948768812230647e-40,0.030946465142236184,0.010190375467489474
81,UM,MPG1,ptr,,,,
82,UM,MPG1,zscore,,,,
83,UM,MPG1,combat,-0.026143489332409443,1.0,0.01989115370921754,0.031966383986637814
84,UM,IPCAS8,raw,0.30986951110946365,1.8973938532055888e-14,0.032967019276543226,0.0075725897863442556
85,UM,IPCAS8,ptr,-0.09246844678390952,1.0,0.034140247663076786,0.006705954573229466
86,UM,IPCAS8,zscore,-0.08262398364833407,1.0,0.03309896320775231,0.007469666959177819
87,UM,IPCAS8,combat,-0.04326891385694456,1.0,0.033866598492242994,0.006898580627708827
88,UM,NYU1,raw,0.6872061583583301,3.2276440542110037e-37,0.022419544035445126,0.01228967051717414
89,UM,NYU1,ptr,-0.0741054264343988,1.0,0.04374576935899459,0.0007833576200838916
90,UM,NYU1,zscore,-0.0641176815550074,1.0,0.04232254726964222,0.0009381610161525864
91,UM,NYU1,combat,-0.03546814063965205,1.0,0.04379548946606345,0.0007784429564966304
92,UM,SWU2,raw,0.5082132601734551,1.1073475805577696e-25,0.02790294474652799,0.008283053385513968
93,UM,SWU2,ptr,-0.08100201430233422,1.0,0.03661725428951048,0.0029533080455890937
94,UM,SWU2,zscore,-0.07127052406369588,1.0,0.038256420542422405,0.002437568343402808
95,UM,SWU2,combat,-0.04084109063110465,1.0,0.039177397704821953,0.0021889182591005437
96,UM,BNU2,raw,0.6508072235673286,6.657745242067765e-39,0.08546284624930095,1.444612975178479e-06
97,UM,BNU2,ptr,-0.06054172368508694,1.0,0.02016089198269879,0.012476735585792896
98,UM,BNU2,zscore,-0.054091912396108444,1.0,0.021529790690847053,0.010210797388724232
99,UM,BNU2,combat,-0.03331057127794646,1.0,0.02405850187877019,0.0070695584808958675
100,UM,BNU1,raw,0.6582488055723411,2.516295683872823e-39,0.04956888156205624,0.00019404275023191675
101,UM,BNU1,ptr,-0.06621799774182881,1.0,0.023777060611680726,0.007363710775941672
102,UM,BNU1,zscore,-0.057528925781045084,1.0,0.022778268179999187,0.008512505196427605
103,UM,BNU1,combat,-0.0356654328429307,1.0,0.024659458942806498,0.006480973227330424
104,UM,UWM,raw,0.6386124911275413,3.1259122964403107e-31,0.06909204253748591,8.209907608940613e-05
105,UM,UWM,ptr,-0.08290045799822959,1.0,0.037807507360918424,0.002790574052444376
106,UM,UWM,zscore,-0.07306810856191302,1.0,0.03742480053721185,0.0029161405535244106
107,UM,UWM,combat,-0.045792573627404194,1.0,0.04131395107557472,0.0018669777092500575
108,UM,NYU2,raw,0.6470214614616117,3.8362458266489193e-60,0.07456813817782347,1.7788889076556508e-08
109,UM,NYU2,ptr,-0.04167130467821584,1.0,0.01962215751346229,0.0025780907097154348
110,UM,NYU2,zscore,-0.03479542388511505,1.0,0.019953236948473622,0.0023928964408803507
111,UM,NYU2,combat,-0.02171200468083738,1.0,0.02063140843416273,0.002054561899155929
112,UM,HNU1,raw,0.6329949652498785,1.6674955829332372e-65,0.09165140463682515,5.0450552886586527e-11
113,UM,HNU1,ptr,-0.0296752082132924,1.0,0.0769117991028438,1.6240844544376309e-09
114,UM,HNU1,zscore,-0.025342469840851103,1.0,0.07662937753260417,1.7360332762975946e-09
115,UM,HNU1,combat,-0.01626462488290513,1.0,0.08384512779454521,3.167095242032732e-10
116,UM,IPCAS1,raw,0.5404039270241104,6.690594962285349e-28,0.025368501610929843,0.010306889678617754
117,UM,IPCAS1,ptr,-0.08186319003234976,1.0,0.035526703920892286,0.0029862099844433663
118,UM,IPCAS1,zscore,-0.07338619617984875,1.0,0.036480775141741376,0.002661996905020025
119,UM,IPCAS1,combat,-0.042731102232230346,1.0,0.03848791824962237,0.002091622192735896
120,UM,UPSM1,raw,0.5907750281237459,2.9480633091903295e-52,0.03674229819438129,9.02955841339799e-05
121,UM,UPSM1,ptr,,,,
122,UM,UPSM1,zscore,,,,
123,UM,UPSM1,combat,-0.020692908342337474,1.0,0.02468456578964104,0.00111449533886279
124,UM,IACAS,raw,0.4826435475670338,5.182045277123987e-25,0.031154159689320372,0.005159232088805766
125,UM,IACAS,ptr,,,,
126,UM,IACAS,zscore,,,,
127,UM,IACAS,combat,-0.035878338549734747,1.0,0.018660020324462432,0.024112191278873804
128,UM,BNU3,raw,0.49749532314786493,1.588661260639666e-24,0.03315450359503783,0.004954049347547009
129,UM,BNU3,ptr,-0.08390297720856552,1.0,0.018583623634830793,0.027400545741126305
130,UM,BNU3,zscore,-0.06986176612688076,1.0,0.017674706112601822,0.030580856634534987
131,UM,BNU3,combat,-0.034350446398411345,1.0,0.019968386022018173,0.023200577337405503
132,UM,JHNU,raw,0.5517589200371837,1.899338868111171e-28,0.0940339930613001,3.208789684017752e-06
133,UM,JHNU,ptr,,,,
134,UM,JHNU,zscore,,,,
135,UM,JHNU,combat,-0.03953427101961808,1.0,0.03205759641806894,0.004543661047755126
136,UM,Utah1,raw,0.5968708133174432,1.4176145600377114e-29,0.23788608949701615,7.412609408137313e-13
137,UM,Utah1,ptr,-0.08197380094362136,1.0,-0.012120130708876855,1.0
138,UM,Utah1,zscore,-0.0678094495576814,1.0,-0.008446499614081577,1.0
139,UM,Utah1,combat,-0.034908108611023475,1.0,0.007686173753267201,0.10489680021147865
140,UM,IBATRT,raw,0.4594069174986656,5.452808850083281e-23,0.05652129195374471,0.00033398594991299675
141,UM,IBATRT,ptr,-0.08022683160626295,1.0,0.026173803126985078,0.010808714467960388
142,UM,IBATRT,zscore,-0.07227878626871571,1.0,0.025885257937357853,0.01118362162275784
143,UM,IBATRT,combat,-0.039767960973246266,1.0,0.03102122198768954,0.006120574640699095
144,UM,LMU3,raw,0.2616753590349339,7.42687456342671e-14,0.057995387638557924,0.0002830990440328451
145,UM,LMU3,ptr,-0.08377100185842629,1.0,0.02375436171841389,0.014400127991586908
146,UM,LMU3,zscore,-0.0741111295123924,1.0,0.023632788133781158,0.014610110970853794
147,UM,LMU3,combat,-0.03469350127052627,1.0,0.030551527505695168,0.006465281384358225
148,UM,SWU1,raw,0.585259184573153,6.2196398352413085e-30,0.03711505512897199,0.002516996420561155
149,UM,SWU1,ptr,-0.07880665715371146,1.0,0.0596363337551482,0.00017703617405813918
150,UM,SWU1,zscore,-0.07125078451007114,1.0,0.05887041893248713,0.0001935568163943049
151,UM,SWU1,combat,-0.04148989677113672,1.0,0.05853672191480406,0.00020123227528297103
152,UM,IPCAS5,raw,0.48370505659078855,1.7949835685144892e-23,0.1891567388730555,3.136084548073531e-10
153,UM,IPCAS5,ptr,,,,
154,UM,IPCAS5,zscore,,,,
155,UM,IPCAS5,combat,-0.007515346918326521,1.0,0.019162937351248337,0.0267134045883583
156,MPG1,IPCAS8,raw,0.9697819545571805,8.796450151759075e-12,-0.01795737220449952,0.6928629677667859
157,MPG1,IPCAS8,ptr,,,,
158,MPG1,IPCAS8,zscore,,,,
159,MPG1,IPCAS8,combat,-0.09510032726542339,1.0,0.027347042087193057,0.130603962029541
160,MPG1,NYU1,raw,0.979000828545663,1.9192258366003744e-22,0.0065575586702475725,0.201768672815097
161,MPG1,NYU1,ptr,,,,
162,MPG1,NYU1,zscore,,,,
163,MPG1,NYU1,combat,-0.05813781843047687,1.0,0.01944622631960918,0.09042237829125782
164,MPG1,SWU2,raw,0.9749838189648686,7.336891545501791e-18,0.027851524630899543,0.07882980711793254
165,MPG1,SWU2,ptr,,,,
166,MPG1,SWU2,zscore,,,,
167,MPG1,SWU2,combat,-0.07539138479095595,1.0,0.01454143203117504,0.14820713461217142
168,MPG1,BNU2,raw,0.9780781694923997,8.790154032943549e-28,-0.0045662939292499816,0.5035348442633216
169,MPG1,BNU2,ptr,,,,
170,MPG1,BNU2,zscore,,,,
171,MPG1,BNU2,combat,-0.04228370416998227,1.0,0.04162154022260276,0.014015369770939224
172,MPG1,BNU1,raw,0.9771574814690941,9.297943786671313e-28,-0.00790753178400278,0.8353704518593437
173,MPG1,BNU1,ptr,,,,
174,MPG1,BNU1,zscore,,,,
175,MPG1,BNU1,combat,-0.045784543001092366,1.0,0.01249403108901214,0.11299839436908798
176,MPG1,UWM,raw,0.9734282847547863,5.599109097685454e-17,-0.013067567818036514,0.7881562628952179
177,MPG1,UWM,ptr,,,,
178,MPG1,UWM,zscore,,,,
179,MPG1,UWM,combat,-0.07727414807300326,1.0,0.04149440347521881,0.04698005543071238
180,MPG1,NYU2,raw,0.9710497189930606,8.04760530583856e-60,-0.0007842661312615156,0.3753441756508157
181,MPG1,NYU2,ptr,,,,
182,MPG1,NYU2,zscore,,,,
183,MPG1,NYU2,combat,-0.01372149127509393,1.0,0.0278179508075523,0.003372167029906595
184,MPG1,HNU1,raw,0.9674089659333962,1.0095406302455467e-69,0.016392979090834977,0.01233446838117194
185,MPG1,HNU1,ptr,,,,
186,MPG1,HNU1,zscore,,,,
187,MPG1,HNU1,combat,-0.006237376566354065,1.0,0.11918033466205202,3.7155541348290925e-10
188,MPG1,IPCAS1,raw,0.9761819008220108,3.612435156257956e-19,0.03500735654073734,0.050175153131727726
189,MPG1,IPCAS1,ptr,,,,
190,MPG1,IPCAS1,zscore,,,,
191,MPG1,IPCAS1,combat,-0.07645309437143265,1.0,0.022139359878695097,0.09465981056838449
192,MPG1,UPSM1,raw,0.9710359398303793,3.6592392760924516e-55,-0.0006368057223386259,0.35935051042692634
193,MPG1,UPSM1,ptr,,,,
194,MPG1,UPSM1,zscore,,,,
195,MPG1,UPSM1,combat,-0.012713626295013353,1.0,0.025274777836836283,0.006728810243327526
196,MPG1,IACAS,raw,0.9726051644734743,6.843500279477851e-19,-0.008079111894752068,0.552042358915252
197,MPG1,IACAS,ptr,,,,
198,MPG1,IACAS,zscore,,,,
199,MPG1,IACAS,combat,-0.07237828491450798,1.0,0.07417198779068758,0.008458372932593217
200,MPG1,BNU3,raw,0.972334039901719,1.5611776344244534e-16,-0.015194881870460253,1.0
201,MPG1,BNU3,ptr,,,,
202,MPG1,BNU3,zscore,,,,
203,MPG1,BNU3,combat,-0.07985517719513707,1.0,0.0009594699920301985,0.30180457850911424
204,MPG1,JHNU,raw,0.9741189633080009,3.9312246082075273e-19,0.005829829515573975,0.22499635401012735
205,MPG1,JHNU,ptr,,,,
206,MPG1,JHNU,zscore,,,,
207,MPG1,JHNU,combat,-0.06598636668474323,1.0,0.01871228127092647,0.11271794440373603
208,MPG1,Utah1,raw,0.9754230757955269,1.9387676383491568e-17,0.3710873651279237,1.1583992595909528e-07
209,MPG1,Utah1,ptr,,,,
210,MPG1,Utah1,zscore,,,,
211,MPG1,Utah1,combat,-0.07129501287830185,1.0,-0.0075470712752744645,0.502779877865861
212,MPG1,IBATRT,raw,0.9765275431343656,5.008110992897926e-17,-0.014957879057125248,1.0
213,MPG1,IBATRT,ptr,,,,
214,MPG1,IBATRT,zscore,,,,
215,MPG1,IBATRT,combat,-0.07581016400916737,1.0,0.010147766129932321,0.1896298038992143
216,MPG1,LMU3,raw,0.9725263645704051,5.783854554405452e-17,-0.008699424247078515,0.5363530928062052
217,MPG1,LMU3,ptr,,,,
218,MPG1,LMU3,zscore,,,,
219,MPG1,LMU3,combat,-0.08186007128509086,1.0,0.004105388170985337,0.2557749133955508
220,MPG1,SWU1,raw,0.9781090273127179,5.476276897405725e-19,0.041279601063059466,0.03805934286028694
221,MPG1,SWU1,ptr,,,,
222,MPG1,SWU1,zscore,,,,
223,MPG1,SWU1,combat,-0.07363091450663944,1.0,0.06307334236116235,0.013938883498202348
224,MPG1,IPCAS5,raw,0.9533648477842034,2.100160141591755e-15,0.35407491512945327,9.559458528915464e-07
225,MPG1,IPCAS5,ptr,,,,
226,MPG1,IPCAS5,zscore,,,,
227,MPG1,IPCAS5,combat,-0.045959816558497395,1.0,-0.0002139569912166965,0.3206992080596063
228,IPCAS8,NYU1,raw,0.3493031992529689,1.709418358134484e-09,0.06502185282576319,0.005943981870306841
229,IPCAS8,NYU1,ptr,-0.1416533982547943,1.0,0.08181766416971639,0.0023375512456107533
230,IPCAS8,NYU1,zscore,-0.12294909639086142,1.0,0.0805734437317822,0.0025036586337031145
231,IPCAS8,NYU1,combat,-0.04770411882242694,1.0,0.07780002563864297,0.002918386854306415
232,IPCAS8,SWU2,raw,0.21271125506062677,2.1895249635695978e-05,0.04158094951104509,0.037523858078321565
233,IPCAS8,SWU2,ptr,-0.1672951398937953,1.0,0.05129685040091833,0.023874202946098842
234,IPCAS8,SWU2,zscore,-0.14977909300738887,1.0,0.05501243019788879,0.020125281689192594
235,IPCAS8,SWU2,combat,-0.057763572748748375,1.0,0.04727286193248086,0.028761557755510436
236,IPCAS8,BNU2,raw,0.11067356964881529,0.00011069864927165607,0.045847795207976584,0.009234916073788558
237,IPCAS8,BNU2,ptr,-0.0975217396042904,1.0,0.04418249550780072,0.01038872469689015
238,IPCAS8,BNU2,zscore,-0.08877880938294867,1.0,0.04351431446929946,0.01089230437087846
239,IPCAS8,BNU2,combat,-0.03836277594681183,1.0,0.04213070485838066,0.012016257259531557
240,IPCAS8,BNU1,raw,0.10587643897951561,0.0001525530616854801,0.03612397315163582,0.018463584084289116
241,IPCAS8,BNU1,ptr,-0.11295676655883137,1.0,0.03900436436766939,0.015016338808562645
242,IPCAS8,BNU1,zscore,-0.09824110112038224,1.0,0.038970705961559965,0.015052531722464063
243,IPCAS8,BNU1,combat,-0.04102079503280191,1.0,0.03641349157041043,0.018082900954757255
244,IPCAS8,UWM,raw,0.5291837641687688,1.3616520454694193e-10,0.07729215639714,0.008744870319491812
245,IPCAS8,UWM,ptr,-0.17652454919953767,1.0,0.0883674857653593,0.00547356880359951
246,IPCAS8,UWM,zscore,-0.15719511020450855,1.0,0.08956016926985162,0.005205653580860096
247,IPCAS8,UWM,combat,-0.07151736023289607,1.0,0.08857106462736873,0.005426862712725089
248,IPCAS8,NYU2,raw,0.138195888634992,3.42048569869753e-10,0.03007250398057946,0.002217532588368546
249,IPCAS8,NYU2,ptr,-0.05747416683926015,1.0,0.0284226567433349,0.0028493671729446176
250,IPCAS8,NYU2,zscore,-0.048412397865797714,1.0,0.026988662408585277,0.0035459100350957295
251,IPCAS8,NYU2,combat,-0.025549369138275616,1.0,0.028935595889593133,0.0026354456113978327
252,IPCAS8,HNU1,raw,0.12984957174582462,4.622119024716904e-11,0.1226169775537442,1.5433622035220619e-10
253,IPCAS8,HNU1,ptr,-0.03915474895166554,1.0,0.11852706519155166,3.053919600220679e-10
254,IPCAS8,HNU1,zscore,-0.0340547931348652,1.0,0.11640556807558332,4.35197994042035e-10
255,IPCAS8,HNU1,combat,-0.018349869802254178,1.0,0.12435711745866877,1.1545886602813105e-10
256,IPCAS8,IPCAS1,raw,0.26107091853285364,1.2806292282767223e-06,0.07093308491763187,0.00770734029288372
257,IPCAS8,IPCAS1,ptr,-0.1699544448178177,1.0,0.060645507466180346,0.012663560579109757
258,IPCAS8,IPCAS1,zscore,-0.1550616481877282,1.0,0.05432243241116787,0.01724045350031197
259,IPCAS8,IPCAS1,combat,-0.062012677895828566,1.0,0.06210365866347184,0.011798402737693364
260,IPCAS8,UPSM1,raw,0.16548695286868367,4.543196943423189e-11,0.023668019216963713,0.007886744096964937
261,IPCAS8,UPSM1,ptr,,,,
262,IPCAS8,UPSM1,zscore,,,,
263,IPCAS8,UPSM1,combat,-0.025795978207798595,1.0,0.024917897476687868,0.006599052217573638
264,IPCAS8,IACAS,raw,0.3361261195305668,5.391322513402445e-08,0.05389791171840263,0.018153009535044486
265,IPCAS8,IACAS,ptr,,,,
266,IPCAS8,IACAS,zscore,,,,
267,IPCAS8,IACAS,combat,-0.06063166663663659,1.0,0.06274880333695891,0.011846837002267411
268,IPCAS8,BNU3,raw,0.10730867031170094,0.0027886420632589164,0.034790022649585785,0.05867446348111996
269,IPCAS8,BNU3,ptr,-0.176103874660898,1.0,0.0524545873258916,0.027143825769614716
270,IPCAS8,BNU3,zscore,-0.1542710450992395,1.0,0.04258953878749849,0.04159456697430277
271,IPCAS8,BNU3,combat,-0.05872654528517232,1.0,0.03585701415407454,0.05595423510060007
272,IPCAS8,JHNU,raw,0.17990880846802007,4.936978266815054e-05,0.05207185173764252,0.01925530543045154
273,IPCAS8,JHNU,ptr,,,,
274,IPCAS8,JHNU,zscore,,,,
275,IPCAS8,JHNU,combat,-0.05310975140377939,1.0,0.042687031767065536,0.030674547504092844
276,IPCAS8,Utah1,raw,0.415432027343867,7.488144129175807e-09,0.25402790792488067,5.060696849990141e-06
277,IPCAS8,Utah1,ptr,-0.17565756102481797,1.0,-0.03558432085998288,1.0
278,IPCAS8,Utah1,zscore,-0.14644117304996457,1.0,-0.026408725760071118,1.0
279,IPCAS8,Utah1,combat,-0.05840663158218282,1.0,0.021722808573335025,0.10070271333262248
280,IPCAS8,IBATRT,raw,0.3009342948578393,1.0301160960314989e-06,0.019411924008453894,0.11564691752079001
281,IPCAS8,IBATRT,ptr,-0.16686024545017092,1.0,0.026612236009874824,0.08211527263993203
282,IPCAS8,IBATRT,zscore,-0.15341598251791053,1.0,0.024172313206245858,0.09211055712370267
283,IPCAS8,IBATRT,combat,-0.05721897731504191,1.0,0.023120790933563416,0.09681875850446152
284,IPCAS8,LMU3,raw,0.1849161600742799,0.0001044991886546528,0.07678099545535057,0.008937089759355655
285,IPCAS8,LMU3,ptr,-0.18605596207492897,1.0,0.0613672623337218,0.017317455999904023
286,IPCAS8,LMU3,zscore,-0.16505174085616328,1.0,0.05944323476073886,0.018825146067299882
287,IPCAS8,LMU3,combat,-0.0603423241928022,1.0,0.06365412156678714,0.01568620060864998
288,IPCAS8,SWU1,raw,0.1731820954736325,7.342493294452111e-05,0.11494611199514942,0.0010313513042380514
289,IPCAS8,SWU1,ptr,-0.156443024970887,1.0,0.12239087311044788,0.0007331674913364635
290,IPCAS8,SWU1,zscore,-0.14467114072349221,1.0,0.13120258390755726,0.0004902947923278101
291,IPCAS8,SWU1,combat,-0.05408290886642626,1.0,0.11951560358989129,0.0008363281728806813
292,IPCAS8,IPCAS5,raw,0.13556556324365612,0.0012004904549681916,0.11762599659508355,0.0023758549293053945
293,IPCAS8,IPCAS5,ptr,,,,
294,IPCAS8,IPCAS5,zscore,,,,
295,IPCAS8,IPCAS5,combat,-0.03340986005551891,1.0,0.04484120410139839,0.04190878300857839
296,NYU1,SWU2,raw,0.5051317410068911,4.153444153382022e-16,0.03553082288329275,0.018130700882124862
297,NYU1,SWU2,ptr,-0.11413054852564275,1.0,0.056617844345098575,0.003956435019570439
298,NYU1,SWU2,zscore,-0.09759588836947661,1.0,0.060544009878947286,0.0029955492878998248
299,NYU1,SWU2,combat,-0.04188781834479746,1.0,0.060885357315731296,0.0029241347526158842
300,NYU1,BNU2,raw,0.4084445816791967,1.6892137811049385e-17,0.04629911126214625,0.0025528206982601224
301,NYU1,BNU2,ptr,-0.07845382912887655,1.0,0.03350558391991269,0.00879751874958713
302,NYU1,BNU2,zscore,-0.06879577689716415,1.0,0.03467565989571325,0.007846227156247491
303,NYU1,BNU2,combat,-0.029869690291765005,1.0,0.03800100770693337,0.005676677188485011
304,NYU1,BNU1,raw,0.41765215373318365,7.46684791096898e-18,0.031168036339981095,0.011067751616421406
305,NYU1,BNU1,ptr,-0.0874803936918531,1.0,0.031652145286794435,0.010552721531854412
306,NYU1,BNU1,zscore,-0.07394096110516829,1.0,0.030768631756454348,0.011512050135269883
307,NYU1,BNU1,combat,-0.030561777922862497,1.0,0.03158659892426555,0.010620990068780232
308,NYU1,UWM,raw,0.6781659788672025,2.0205315001713372e-20,0.06332744817597764,0.002826936573996086
309,NYU1,UWM,ptr,-0.11600880643473274,1.0,0.06967918503848156,0.0018327817353897757
310,NYU1,UWM,zscore,-0.099363726290097,1.0,0.06729790502804596,0.0021554197231898856
311,NYU1,UWM,combat,-0.047666708558359194,1.0,0.0687635194223645,0.0019506118451462211
312,NYU1,NYU2,raw,0.1363072136235029,1.4709536494369298e-11,0.025924234376646583,0.0020803845439046603
313,NYU1,NYU2,ptr,-0.04867323199690383,1.0,0.02403320239378121,0.00291670124373595
314,NYU1,NYU2,zscore,-0.040812953933042156,1.0,0.02278947456515009,0.0036461051438339176
315,NYU1,NYU2,combat,-0.017365008212648695,1.0,0.02438540876382518,0.0027384412212371665
316,NYU1,HNU1,raw,0.39493925774179894,2.723933605398926e-34,0.10228213223513585,3.5320224764082607e-10
317,NYU1,HNU1,ptr,-0.034491997758185414,1.0,0.10108680371441621,4.4435836487656646e-10
318,NYU1,HNU1,zscore,-0.029461848959292138,1.0,0.09999022019958796,5.485667127022627e-10
319,NYU1,HNU1,combat,-0.015373640293011538,1.0,0.10682952851559673,1.4754586541324398e-10
320,NYU1,IPCAS1,raw,0.580486832812293,5.161386460261724e-19,0.042217903077557455,0.009644444611016583
321,NYU1,IPCAS1,ptr,-0.11548147852878253,1.0,0.060339044268495894,0.00249293574928696
322,NYU1,IPCAS1,zscore,-0.10044767205307019,1.0,0.057676750391494995,0.0030349100130302844
323,NYU1,IPCAS1,combat,-0.04296896585647535,1.0,0.06159982671081427,0.002271642655209054
324,NYU1,UPSM1,raw,0.2037286077617444,1.9279583183642908e-15,0.034185972485455726,0.000723953125817085
325,NYU1,UPSM1,ptr,,,,
326,NYU1,UPSM1,zscore,,,,
327,NYU1,UPSM1,combat,-0.019792504402503547,1.0,0.03063919192426306,0.0012982913445558758
328,NYU1,IACAS,raw,0.6611789479262383,2.9182212088513305e-21,0.01199171690707053,0.10640023735867524
329,NYU1,IACAS,ptr,,,,
330,NYU1,IACAS,zscore,,,,
331,NYU1,IACAS,combat,-0.04191906839488569,1.0,0.019114303066139482,0.05914081270156235
332,NYU1,BNU3,raw,0.41868682469068214,4.3058158439714276e-13,0.0405400636147402,0.014416367921889845
333,NYU1,BNU3,ptr,-0.12171532436955643,1.0,0.050509733199560945,0.007238962947190992
334,NYU1,BNU3,zscore,-0.09985491399937906,1.0,0.043135830809993586,0.012034989651098324
335,NYU1,BNU3,combat,-0.03250234062674708,1.0,0.04405506834713745,0.011292012830902426
336,NYU1,JHNU,raw,0.5857523462377684,3.6017871468838073e-19,0.09347828197709587,0.00022384017763509042
337,NYU1,JHNU,ptr,,,,
338,NYU1,JHNU,zscore,,,,
339,NYU1,JHNU,combat,-0.04116985216803659,1.0,0.04490137285923739,0.00787498792785877
340,NYU1,Utah1,raw,0.23404951663411008,2.974187436848928e-08,0.1362862050200871,1.8788204545169807e-05
341,NYU1,Utah1,ptr,-0.11321673932244446,1.0,-0.012888628164396884,1.0
342,NYU1,Utah1,zscore,-0.09233456053046489,1.0,-0.0063813092844487275,0.6632716429325708
343,NYU1,Utah1,combat,-0.03414375167093802,1.0,0.02127481905100391,0.054350478641131725
344,NYU1,IBATRT,raw,0.4574904210038524,2.3843342553784786e-14,0.036830217077917386,0.017921798925044214
345,NYU1,IBATRT,ptr,-0.1101528051673586,1.0,0.034833075829043256,0.020673193083700494
346,NYU1,IBATRT,zscore,-0.09681371694287853,1.0,0.03518472293205644,0.020158796741398716
347,NYU1,IBATRT,combat,-0.03625104853984219,1.0,0.037000401764667415,0.017705558500309453
348,NYU1,LMU3,raw,0.4632421993549805,1.654480849214186e-14,0.09686930633090554,0.00029393334079259246
349,NYU1,LMU3,ptr,-0.12297401337007079,1.0,0.04694981778750926,0.008771710273904117
350,NYU1,LMU3,zscore,-0.10496031398014391,1.0,0.04826584480555735,0.008001088552732443
351,NYU1,LMU3,combat,-0.036949175843286594,1.0,0.0568048894185753,0.004425033518578523
352,NYU1,SWU1,raw,0.3926294697899215,2.4421947982492477e-13,0.07513442934765768,0.0008782972668479622
353,NYU1,SWU1,ptr,-0.11095105716160508,1.0,0.09547158678995653,0.00020407432253026137
354,NYU1,SWU1,zscore,-0.09759967802498919,1.0,0.09819522016184559,0.00016806661541395957
355,NYU1,SWU1,combat,-0.038704044901834156,1.0,0.09708411260573643,0.00018191147211033413
356,NYU1,IPCAS5,raw,0.4537856665175113,1.2049951624992363e-13,0.2128439905126044,2.8801688146857155e-07
357,NYU1,IPCAS5,ptr,,,,
358,NYU1,IPCAS5,zscore,,,,
359,NYU1,IPCAS5,combat,-0.004470363894804627,0.493896383823595,0.023926414389082756,0.04982782354003092
360,SWU2,BNU2,raw,0.13449747014728314,3.1670255056041623e-06,0.0491805894555175,0.003410326278581675
361,SWU2,BNU2,ptr,-0.08422138512879714,1.0,0.028422443144675336,0.020403277191007145
362,SWU2,BNU2,zscore,-0.07546627711592298,1.0,0.029524124083590574,0.018515403655044758
363,SWU2,BNU2,combat,-0.027866225343161632,1.0,0.03677018900530215,0.009845665796466806
364,SWU2,BNU1,raw,0.20331214428081956,1.3143042309309727e-08,0.026415858365248922,0.02437089393489454
365,SWU2,BNU1,ptr,-0.09569873997384416,1.0,0.02349285418909349,0.03163996034759256
366,SWU2,BNU1,zscore,-0.08222634742049385,1.0,0.02493874296044939,0.027797763235633263
367,SWU2,BNU1,combat,-0.028311226087265932,1.0,0.025232256350369953,0.02707899306162184
368,SWU2,UWM,raw,0.4135033230338554,3.276476292696689e-11,0.0776078221645352,0.0025966469369075483
369,SWU2,UWM,ptr,-0.1323869784527833,1.0,0.051072683542108255,0.011995331070358215
370,SWU2,UWM,zscore,-0.11574116061116872,1.0,0.05831734266225529,0.007860415398678445
371,SWU2,UWM,combat,-0.051734007661582655,1.0,0.055174704125483046,0.009437142388606122
372,SWU2,NYU2,raw,0.2643402175194138,1.4401331774508251e-19,0.03528816181818331,0.0005928873202196991
373,SWU2,NYU2,ptr,-0.05206381624930611,1.0,0.02209292274151925,0.0053403116154914975
374,SWU2,NYU2,zscore,-0.04383877190890642,1.0,0.020739666141561832,0.006719950482937593
375,SWU2,NYU2,combat,-0.022742328531675755,1.0,0.024183202979509225,0.003752086025520392
376,SWU2,HNU1,raw,0.17275461309000206,3.17438518425553e-15,0.11576988790476288,9.209203331747208e-11
377,SWU2,HNU1,ptr,-0.03632403410044529,1.0,0.10397813278697816,7.805063761171518e-10
378,SWU2,HNU1,zscore,-0.03139003384013888,1.0,0.10534581830198765,6.089874994715453e-10
379,SWU2,HNU1,combat,-0.01609877899571836,1.0,0.11332909751824856,1.4327374429580713e-10
380,SWU2,IPCAS1,raw,0.10573570320657515,0.0003026583553502355,0.050160936873551304,0.009542604217793495
381,SWU2,IPCAS1,ptr,-0.12818783882882467,1.0,0.052844181018518684,0.008041374453292224
382,SWU2,IPCAS1,zscore,-0.11467711782137474,1.0,0.05635494814501435,0.006434298550174429
383,SWU2,IPCAS1,combat,-0.044899460492827434,1.0,0.051967849732597965,0.008503061125409559
384,SWU2,UPSM1,raw,0.29377445453906487,3.9767025111186364e-20,0.03154382324155651,0.0016011316409933582
385,SWU2,UPSM1,ptr,,,,
386,SWU2,UPSM1,zscore,,,,
387,SWU2,UPSM1,combat,-0.02390095656391734,1.0,0.03237303388445617,0.0014090280793279085
388,SWU2,IACAS,raw,0.35561886991950364,1.3848599649384667e-10,0.03457250565754088,0.026752812200589074
389,SWU2,IACAS,ptr,,,,
390,SWU2,IACAS,zscore,,,,
391,SWU2,IACAS,combat,-0.04886252457436052,1.0,0.030878452932128677,0.0341083356141978
392,SWU2,BNU3,raw,0.17309178463533417,1.5660621990912618e-05,0.015017584142104341,0.11157332932989572
393,SWU2,BNU3,ptr,-0.13881697904618012,1.0,0.024120483019321324,0.06285931722033046
394,SWU2,BNU3,zscore,-0.11602739556770024,1.0,0.01781364613077773,0.093271051680117
395,SWU2,BNU3,combat,-0.04128893756352616,1.0,0.016380570999395206,0.10220346652129492
396,SWU2,JHNU,raw,0.1456354530674518,2.7223859066498825e-05,0.05401283823516199,0.007465268839509677
397,SWU2,JHNU,ptr,,,,
398,SWU2,JHNU,zscore,,,,
399,SWU2,JHNU,combat,-0.03720524664402684,1.0,0.03766052009205411,0.02140762546516843
400,SWU2,Utah1,raw,0.387200745813834,8.927550229647907e-11,0.21472027902902943,1.0910709639665862e-06
401,SWU2,Utah1,ptr,-0.13199362311742882,1.0,-0.04189456650991848,1.0
402,SWU2,Utah1,zscore,-0.10882133310796671,1.0,-0.027724192468789752,1.0
403,SWU2,Utah1,combat,-0.045540064459871736,1.0,0.017332853861126627,0.09209985338549985
404,SWU2,IBATRT,raw,0.2850419242267883,3.0992616869847775e-08,0.04744159330879151,0.014852119639545112
405,SWU2,IBATRT,ptr,-0.12787605284112566,1.0,0.033473996061709074,0.03426773457808673
406,SWU2,IBATRT,zscore,-0.11484186494194226,1.0,0.03967896984848334,0.02356166421540945
407,SWU2,IBATRT,combat,-0.04560788659475672,1.0,0.03988104139014446,0.023278146551670466
408,SWU2,LMU3,raw,0.30681158989889296,9.660468248087642e-09,0.1054874393371472,0.0005404381828343892
409,SWU2,LMU3,ptr,-0.14294853848120598,1.0,0.04125052031622542,0.021447553594156666
410,SWU2,LMU3,zscore,-0.12438013247021548,1.0,0.05034162903132224,0.012521215530652989
411,SWU2,LMU3,combat,-0.05060894836320039,1.0,0.058594822017167446,0.007734841127767528
412,SWU2,SWU1,raw,0.15214902657279777,1.9962791399190236e-05,0.10032935150134675,0.0004440165357117585
413,SWU2,SWU1,ptr,-0.12327902096241228,1.0,0.09624160564553781,0.0005688326261798919
414,SWU2,SWU1,zscore,-0.11146571054557898,1.0,0.11202301935778433,0.0002192347586725395
415,SWU2,SWU1,combat,-0.04350008120542033,1.0,0.10641661670420807,0.00030734732777897196
416,SWU2,IPCAS5,raw,0.11102025259559367,0.0005674040575070916,0.06395908672910883,0.00701942941768543
417,SWU2,IPCAS5,ptr,,,,
418,SWU2,IPCAS5,zscore,,,,
419,SWU2,IPCAS5,combat,-0.023588421276671132,1.0,-0.001748623419196291,0.3626675576904166
420,BNU2,BNU1,raw,0.04195172654920877,0.0021813111584792324,0.03348766241721015,0.005529636838512654
421,BNU2,BNU1,ptr,-0.06652654947286152,1.0,0.03290404885066522,0.005899293319354068
422,BNU2,BNU1,zscore,-0.059033329818167266,1.0,0.033026226256359835,0.005819874751225342
423,BNU2,BNU1,combat,-0.020182942792906146,1.0,0.034146821741086845,0.00514041741070461
424,BNU2,UWM,raw,0.4420793007564664,2.317787341549581e-16,0.04472755106859193,0.005494214377126512
425,BNU2,UWM,ptr,-0.08748943061853735,1.0,0.055547997985842576,0.00225161906356625
426,BNU2,UWM,zscore,-0.07819165071929528,1.0,0.0547183974860927,0.0024099143719661727
427,BNU2,UWM,combat,-0.03483804683656385,1.0,0.05614148152310486,0.002144885123047457
428,BNU2,NYU2,raw,0.2764955921250868,3.5479547724770045e-23,0.023311292827281904,0.00241279188956187
429,BNU2,NYU2,ptr,-0.04242840323761565,1.0,0.025226413247444686,0.0016711241359058727
430,BNU2,NYU2,zscore,-0.03616675863705203,1.0,0.025249445396159323,0.0016637773503205516
431,BNU2,NYU2,combat,-0.018447841891963353,1.0,0.025889104852639747,0.0014722991729347772
432,BNU2,HNU1,raw,0.2582335714851806,1.7446670360338887e-24,0.08172860795895462,6.4584154599717184e-09
433,BNU2,HNU1,ptr,-0.030704351245544666,1.0,0.08863093447165096,1.5644248586801177e-09
434,BNU2,HNU1,zscore,-0.026596157782830757,1.0,0.0877376746250994,1.8792168955456898e-09
435,BNU2,HNU1,combat,-0.01326445726333425,1.0,0.09058977639627502,1.0466848283640609e-09
436,BNU2,IPCAS1,raw,0.18752525986446794,2.57491691773456e-08,0.07918049271008891,0.00021803808415044035
437,BNU2,IPCAS1,ptr,-0.08469452882987467,1.0,0.04643955553619835,0.003690135947691942
438,BNU2,IPCAS1,zscore,-0.0769679540868419,1.0,0.04552261621567309,0.004000432670066513
439,BNU2,IPCAS1,combat,-0.027986573126088227,1.0,0.052890642271914125,0.0020971473936094425
440,BNU2,UPSM1,raw,0.3657686506553005,2.6802632436482937e-28,0.023926138333818098,0.0028585464092534024
441,BNU2,UPSM1,ptr,,,,
442,BNU2,UPSM1,zscore,,,,
443,BNU2,UPSM1,combat,-0.021429230139791706,1.0,0.02678439315011005,0.0017086430894638948
444,BNU2,IACAS,raw,0.36430365731867914,1.638576262179565e-14,0.06476148221165572,0.0007762926492832908
445,BNU2,IACAS,ptr,,,,
446,BNU2,IACAS,zscore,,,,
447,BNU2,IACAS,combat,-0.029570086903773843,1.0,0.06038569692876521,0.0011300659742097584
448,BNU2,BNU3,raw,0.017907427310280423,0.05605913848841954,0.03677176401720277,0.011143922689232687
449,BNU2,BNU3,ptr,-0.08589390160740014,1.0,0.03751304162150666,0.0104770441606229
450,BNU2,BNU3,zscore,-0.07449812712268411,1.0,0.037265645753805025,0.01069493419132837
451,BNU2,BNU3,combat,-0.03248703255962029,1.0,0.03694027982613232,0.010988590956161275
452,BNU2,JHNU,raw,0.1246018127576001,4.7481377626704985e-06,0.03573097732141575,0.009550046937023193
453,BNU2,JHNU,ptr,,,,
454,BNU2,JHNU,zscore,,,,
455,BNU2,JHNU,combat,-0.02726369728240023,1.0,0.038059175871330155,0.007753825510215754
456,BNU2,Utah1,raw,0.3588554509770767,9.129609034308914e-14,0.10078899024449327,5.349842431119961e-05
457,BNU2,Utah1,ptr,-0.0877596562957611,1.0,0.021475785166944143,0.038920838903567574
458,BNU2,Utah1,zscore,-0.07419719205356656,1.0,0.023160560999931256,0.03349289673888038
459,BNU2,Utah1,combat,-0.0344105595848128,1.0,0.03154361252992271,0.016075205763419878
460,BNU2,IBATRT,raw,0.3021677094875884,1.0016957301748514e-11,0.03976161810265677,0.008315461899531612
461,BNU2,IBATRT,ptr,-0.08492823893845294,1.0,0.04562762473169432,0.005098560284824832
462,BNU2,IBATRT,zscore,-0.07721041523684068,1.0,0.04492970732069602,0.005402707164404675
463,BNU2,IBATRT,combat,-0.033524923606959585,1.0,0.04646650804973012,0.0047559563901328475
464,BNU2,LMU3,raw,0.3358788480801668,7.603917992412912e-13,0.017372668166789982,0.05757488937368873
465,BNU2,LMU3,ptr,-0.0904060321638244,1.0,0.021172583713463377,0.04100308092718018
466,BNU2,LMU3,zscore,-0.0808181243514281,1.0,0.019249790938108267,0.04864769453774417
467,BNU2,LMU3,combat,-0.03403975159406811,1.0,0.01981548631111916,0.046253921986128044
468,BNU2,SWU1,raw,0.07416758650721585,0.0003479845316451771,0.035726208594630215,0.00974750745228377
469,BNU2,SWU1,ptr,-0.0805116521795108,1.0,0.023764395405630037,0.028816561369152296
470,BNU2,SWU1,zscore,-0.07380151253895294,1.0,0.024030648900951714,0.028117098265331777
471,BNU2,SWU1,combat,-0.027406348364696916,1.0,0.027894094900192623,0.01973527030935232
472,BNU2,IPCAS5,raw,0.045926617287624184,0.005793508483822045,0.04117115959923051,0.00848258370432597
473,BNU2,IPCAS5,ptr,,,,
474,BNU2,IPCAS5,zscore,,,,
475,BNU2,IPCAS5,combat,-0.008892779895490805,1.0,0.04082712491967931,0.008720917462808262
476,BNU1,UWM,raw,0.4536324323295509,9.62488175435891e-17,0.026837238021231863,0.024975477138750445
477,BNU1,UWM,ptr,-0.09899762509380337,1.0,0.03485472897971916,0.012573081603026401
478,BNU1,UWM,zscore,-0.08497279643027589,1.0,0.03527086484350799,0.012137791927823716
479,BNU1,UWM,combat,-0.03785763738686157,1.0,0.03495405054204595,0.012467752331687683
480,BNU1,NYU2,raw,0.28541161375320445,7.274147465584704e-24,0.02282115674831613,0.002651421411836318
481,BNU1,NYU2,ptr,-0.04525230121894505,1.0,0.020434122393053547,0.004205670622226138
482,BNU1,NYU2,zscore,-0.03782137274114103,1.0,0.020143460918374375,0.004449792750267228
483,BNU1,NYU2,combat,-0.01884163582444258,1.0,0.022425394511292038,0.002861501772868394
484,BNU1,HNU1,raw,0.26217454597494017,7.874182809586436e-25,0.08556028936106717,2.9386198494160464e-09
485,BNU1,HNU1,ptr,-0.032357609574985007,1.0,0.0891431692957962,1.408329827982893e-09
486,BNU1,HNU1,zscore,-0.027611235151629852,1.0,0.08703107129080954,2.172575264819741e-09
487,BNU1,HNU1,combat,-0.013280257169799343,1.0,0.09274982834747665,6.721249660559427e-10
488,BNU1,IPCAS1,raw,0.22402903765488208,1.2792691376894575e-09,0.04594647803999769,0.0038538253069850792
489,BNU1,IPCAS1,ptr,-0.09550517447818031,1.0,0.026764055177206,0.02154390458962606
490,BNU1,IPCAS1,zscore,-0.08346085043429126,1.0,0.027199538483842312,0.020699391601856174
491,BNU1,IPCAS1,combat,-0.027919104652641254,1.0,0.03205008301646651,0.013305630679814773
492,BNU1,UPSM1,raw,0.4099426767408653,1.7319315625100516e-31,0.017449122148868627,0.009331730588200894
493,BNU1,UPSM1,ptr,,,,
494,BNU1,UPSM1,zscore,,,,
495,BNU1,UPSM1,combat,-0.02219245941992511,1.0,0.02237504869508463,0.0037858714346491996
496,BNU1,IACAS,raw,0.4009992848216851,8.464701503495921e-16,0.021748021501605114,0.034739461087040874
497,BNU1,IACAS,ptr,,,,
498,BNU1,IACAS,zscore,,,,
499,BNU1,IACAS,combat,-0.03154669488187619,1.0,0.023508378280758906,0.02950622973613324
500,BNU1,BNU3,raw,-0.0009463976904383204,0.3537574020405587,0.02564763698201116,0.028528372090177785
501,BNU1,BNU3,ptr,-0.09713251447711779,1.0,0.029811185598940373,0.01999815513747931
502,BNU1,BNU3,zscore,-0.08086198820544457,1.0,0.027482488679974063,0.0243798076100221
503,BNU1,BNU3,combat,-0.038309301263642404,1.0,0.025979354627113465,0.027727284916499593
504,BNU1,JHNU,raw,0.1344715519144167,2.084603940302158e-06,0.032181418117023707,0.01314844277509802
505,BNU1,JHNU,ptr,,,,
506,BNU1,JHNU,zscore,,,,
507,BNU1,JHNU,combat,-0.02770456080591754,1.0,0.027286992136795654,0.020533968807974715
508,BNU1,Utah1,raw,0.4183918676407966,9.196217195293084e-16,0.1161388725178897,1.5679142199171143e-05
509,BNU1,Utah1,ptr,-0.09888646881771444,1.0,-0.010019195789033427,1.0
510,BNU1,Utah1,zscore,-0.08013617377287073,1.0,-0.0056848062504218505,0.7123819210503903
511,BNU1,Utah1,combat,-0.036670027673920164,1.0,0.006860838477322255,0.15292315590597
512,BNU1,IBATRT,raw,0.3528609863028305,2.078512275130362e-13,0.016514804638515877,0.06221915707736427
513,BNU1,IBATRT,ptr,-0.09660810898765569,1.0,0.019363882465278245,0.048154594653624296
514,BNU1,IBATRT,zscore,-0.08451154428509655,1.0,0.018231370235477534,0.05329305951422104
515,BNU1,IBATRT,combat,-0.03581698183890071,1.0,0.022473092662378513,0.03655630770439232
516,BNU1,LMU3,raw,0.3563088946762924,1.597514258149807e-13,0.02799096316351889,0.022604508976087553
517,BNU1,LMU3,ptr,-0.1027353257771423,1.0,0.02165104278106728,0.039304534863415286
518,BNU1,LMU3,zscore,-0.08778324275041878,1.0,0.02065703076351557,0.04291989048984519
519,BNU1,LMU3,combat,-0.035411658428011604,1.0,0.021856541532933083,0.0385978224285722
520,BNU1,SWU1,raw,0.1272704314877463,4.060657670456073e-06,0.03730537007322172,0.008468808051504408
521,BNU1,SWU1,ptr,-0.09072129722263904,1.0,0.043113857210342436,0.005067745690774963
522,BNU1,SWU1,zscore,-0.08013318313345973,1.0,0.04406009092452245,0.0046634081382102574
523,BNU1,SWU1,combat,-0.026401872067410508,1.0,0.03755389967136251,0.008283794626018606
524,BNU1,IPCAS5,raw,0.06261790828898464,0.00155103683649174,0.03680367308438817,0.012075643691210997
525,BNU1,IPCAS5,ptr,,,,
526,BNU1,IPCAS5,zscore,,,,
527,BNU1,IPCAS5,combat,-0.003399126474699879,0.474911335187748,0.02098044383147677,0.04493216175252328
528,UWM,NYU2,raw,0.39806833270807623,3.4260132052339778e-28,0.024341639738945597,0.0038543795302129285
529,UWM,NYU2,ptr,-0.05256082216277046,1.0,0.030014736268132246,0.0015115765426512453
530,UWM,NYU2,zscore,-0.04422127403141917,1.0,0.028064469574877245,0.002082375500925865
531,UWM,NYU2,combat,-0.02532519620900531,1.0,0.029734048350909235,0.0015827696529815147
532,UWM,HNU1,raw,0.199283812197164,4.056213376531848e-17,0.11596011723467449,1.127957703488972e-10
533,UWM,HNU1,ptr,-0.03644267603263542,1.0,0.11381921943067866,1.654934735257212e-10
534,UWM,HNU1,zscore,-0.03164963969617928,1.0,0.11215211195212586,2.230851530853999e-10
535,UWM,HNU1,combat,-0.01584202230075716,1.0,0.11962594784344371,5.852839750046521e-11
536,UWM,IPCAS1,raw,0.3580226958929415,2.0880337481491444e-10,0.10530660614326759,0.0003891200510615786
537,UWM,IPCAS1,ptr,-0.13383412638707337,1.0,0.0744034648172591,0.002440890506644686
538,UWM,IPCAS1,zscore,-0.11946985205764604,1.0,0.0718218418070618,0.0028510778814256296
539,UWM,IPCAS1,combat,-0.04863291604073686,1.0,0.0846846633118046,0.0013193092103651876
540,UWM,UPSM1,raw,0.4759385146569267,4.7862190801185265e-31,0.026209087521065925,0.003881267959408558
541,UWM,UPSM1,ptr,,,,
542,UWM,UPSM1,zscore,,,,
543,UWM,UPSM1,combat,-0.026440214642534897,1.0,0.03179473923085822,0.0016505197588734732
544,UWM,IACAS,raw,0.4496716976104066,1.5263619713740266e-12,0.04642105344507359,0.01382859197512934
545,UWM,IACAS,ptr,,,,
546,UWM,IACAS,zscore,,,,
547,UWM,IACAS,combat,-0.054748702118863526,1.0,0.048572532070338695,0.012111959931234763
548,UWM,BNU3,raw,0.42960585738219337,5.197574075776089e-11,0.024877638673298338,0.06371244372592669
549,UWM,BNU3,ptr,-0.14658851208076995,1.0,0.03753770481745845,0.030538938225319823
550,UWM,BNU3,zscore,-0.12280469522853125,1.0,0.03076386878612404,0.04510099063158154
551,UWM,BNU3,combat,-0.04969285229770011,1.0,0.03133484707079302,0.04363021824362136
552,UWM,JHNU,raw,0.3358672118641201,7.275265155486189e-10,0.05888088020736618,0.006249569011193454
553,UWM,JHNU,ptr,,,,
554,UWM,JHNU,zscore,,,,
555,UWM,JHNU,combat,-0.04588889838212525,1.0,0.06330857122489726,0.004771835306118718
556,UWM,Utah1,raw,0.6409616418892915,3.7221703406250074e-16,0.18779367714533604,7.141500497083538e-06
557,UWM,Utah1,ptr,-0.13667880025447807,1.0,0.00742330649943248,0.18497698858102996
558,UWM,Utah1,zscore,-0.11275820879078276,1.0,0.011449270405224305,0.14092537413578254
559,UWM,Utah1,combat,-0.05766653674574607,1.0,0.024905972178739723,0.05989068556212386
560,UWM,IBATRT,raw,0.47713129115117014,2.9627640869613335e-12,0.034012012931898636,0.03591362449712859
561,UWM,IBATRT,ptr,-0.1290482061830338,1.0,0.051080854208390924,0.013456482054270816
562,UWM,IBATRT,zscore,-0.11633596220638816,1.0,0.05053953695102892,0.013875194442754703
563,UWM,IBATRT,combat,-0.04916661080555364,1.0,0.04684798404278599,0.017112505456657708
564,UWM,LMU3,raw,0.5391051458985201,1.261443474594143e-13,0.04415741705938981,0.019955973324103256
565,UWM,LMU3,ptr,-0.15218545438169467,1.0,0.053481357849866226,0.011750471301204345
566,UWM,LMU3,zscore,-0.1320987525224146,1.0,0.051934434315379224,0.012822445100018301
567,UWM,LMU3,combat,-0.06275895756296664,1.0,0.051739091139614495,0.012964782528530967
568,UWM,SWU1,raw,0.5569577269531157,3.9827918905844046e-15,0.1498345984215105,3.1386169434957744e-05
569,UWM,SWU1,ptr,-0.12947425139614133,1.0,0.1121614519247675,0.0002761515663144943
570,UWM,SWU1,zscore,-0.11677190816165821,1.0,0.11462298668384593,0.00023933952415040524
571,UWM,SWU1,combat,-0.053991060019012806,1.0,0.12040153576728152,0.00017116734783183789
572,UWM,IPCAS5,raw,0.3990466330113238,5.446314950935378e-10,0.12455584387580859,0.00036404607635804893
573,UWM,IPCAS5,ptr,,,,
574,UWM,IPCAS5,zscore,,,,
575,UWM,IPCAS5,combat,-0.015502024155242874,1.0,0.0338203677626295,0.04092507641966095
576,NYU2,HNU1,raw,0.4394489485000003,6.531918203821012e-55,0.05158433579505239,5.665570445411848e-08
577,NYU2,HNU1,ptr,-0.024181958678389258,1.0,0.06219078504589495,2.7841002319203063e-09
578,NYU2,HNU1,zscore,-0.019705045286101442,1.0,0.05923722968916405,6.433537848357636e-09
579,NYU2,HNU1,combat,-0.011137259145564508,1.0,0.06357479889738263,1.8809350787820253e-09
580,NYU2,IPCAS1,raw,0.312648056999658,3.1753061845751455e-23,0.05961359395189306,9.549711928954555e-06
581,NYU2,IPCAS1,ptr,-0.05216428918444938,1.0,0.026859215120612238,0.0021935656339442558
582,NYU2,IPCAS1,zscore,-0.044295559263175896,1.0,0.0255247217040492,0.002753946024022233
583,NYU2,IPCAS1,combat,-0.02272126846433344,1.0,0.032215058630948146,0.0008863467665073686
584,NYU2,UPSM1,raw,0.2768866042286924,4.335080766516158e-31,0.01432450435820467,0.004931439337911014
585,NYU2,UPSM1,ptr,,,,
586,NYU2,UPSM1,zscore,,,,
587,NYU2,UPSM1,combat,-0.015092551608035984,1.0,0.01686635274823196,0.002515091738653588
588,NYU2,IACAS,raw,0.37804477272512477,1.2995541809216242e-27,0.0273373862582483,0.002052562084039938
589,NYU2,IACAS,ptr,,,,
590,NYU2,IACAS,zscore,,,,
591,NYU2,IACAS,combat,-0.021115675994111172,1.0,0.023030615458863736,0.004276487646317748
592,NYU2,BNU3,raw,0.18230705380012324,8.475750903640523e-14,0.020406438929563425,0.007614661874663323
593,NYU2,BNU3,ptr,-0.053557572552114296,1.0,0.01955590487378856,0.008781315462544565
594,NYU2,BNU3,zscore,-0.04327546756689054,1.0,0.01803638848219857,0.011342085484733299
595,NYU2,BNU3,combat,-0.019326234581820315,1.0,0.019551564599905067,0.008787716253637206
596,NYU2,JHNU,raw,0.34592197103124905,1.6831850284285396e-25,0.024940689209071505,0.0030430169391491417
597,NYU2,JHNU,ptr,,,,
598,NYU2,JHNU,zscore,,,,
599,NYU2,JHNU,combat,-0.022363863658843967,1.0,0.030454433981703458,0.001192593831620857
600,NYU2,Utah1,raw,0.17321707071948625,2.386113656436956e-13,0.045602490865324,0.00011559887946966439
601,NYU2,Utah1,ptr,-0.052075665821018156,1.0,0.01521101508985622,0.01771466870129215
602,NYU2,Utah1,zscore,-0.04218056762502685,1.0,0.01503295892640268,0.018270557148044937
603,NYU2,Utah1,combat,-0.02143227676804588,1.0,0.020828659632995603,0.006774093638711256
604,NYU2,IBATRT,raw,0.27946796665192175,2.438037066849185e-20,0.02119033801522884,0.006524265858028375
605,NYU2,IBATRT,ptr,-0.051587351168714456,1.0,0.023747560331582682,0.004254752616886236
606,NYU2,IBATRT,zscore,-0.04382232781732546,1.0,0.022529892164881337,0.005212991572083521
607,NYU2,IBATRT,combat,-0.023209324718524597,1.0,0.02420234203067981,0.0039446774786279235
608,NYU2,LMU3,raw,0.23051245152659952,4.34255804633763e-17,0.02573522365053954,0.0030588355613408256
609,NYU2,LMU3,ptr,-0.05408472195096712,1.0,0.02753739195978431,0.002271251197804566
610,NYU2,LMU3,zscore,-0.04542313399058997,1.0,0.02591677309322079,0.0029682779981090434
611,NYU2,LMU3,combat,-0.020573386992840413,1.0,0.028511333052847646,0.0019347611561809851
612,NYU2,SWU1,raw,0.21927905020097863,8.915840397307469e-17,0.03876314682473102,0.0003024211470205898
613,NYU2,SWU1,ptr,-0.051062740076099566,1.0,0.02627587085305515,0.0024577328159462067
614,NYU2,SWU1,zscore,-0.04350948872714741,1.0,0.024676641808966497,0.003227047807443632
615,NYU2,SWU1,combat,-0.022171911075250347,1.0,0.02722596873354606,0.002091697150805456
616,NYU2,IPCAS5,raw,0.2243157013643745,2.2193608677386434e-16,0.03580578070742511,0.0006600464166860725
617,NYU2,IPCAS5,ptr,,,,
618,NYU2,IPCAS5,zscore,,,,
619,NYU2,IPCAS5,combat,-0.002928340737848743,0.7151255776785715,0.023012905780657022,0.00519055997330335
620,HNU1,IPCAS1,raw,0.13936509588859988,8.464139561439726e-13,0.11292472161179522,1.0900359778605623e-10
621,HNU1,IPCAS1,ptr,-0.03621081607398319,1.0,0.10194156611435408,8.254839875851622e-10
622,HNU1,IPCAS1,zscore,-0.031681251042381134,1.0,0.10133851256498146,9.226691942507353e-10
623,HNU1,IPCAS1,combat,-0.015236454785797016,1.0,0.1102645649127808,1.7791973979651576e-10
624,HNU1,UPSM1,raw,0.5425439473660312,1.0300848905064473e-64,0.05379959478805624,5.552040335046528e-08
625,HNU1,UPSM1,ptr,,,,
626,HNU1,UPSM1,zscore,,,,
627,HNU1,UPSM1,combat,-0.01199000788500807,1.0,0.0712853751920047,4.740599518854844e-10
628,HNU1,IACAS,raw,0.21545405183190644,8.63965818217498e-19,0.09590114010843699,2.6458563420641937e-09
629,HNU1,IACAS,ptr,,,,
630,HNU1,IACAS,zscore,,,,
631,HNU1,IACAS,combat,-0.014747352455913403,1.0,0.100660962359232,1.100982783725037e-09
632,HNU1,BNU3,raw,0.13189685512218946,7.469868714693168e-12,0.10827921252728476,4.990008628493227e-10
633,HNU1,BNU3,ptr,-0.03719750879911488,1.0,0.10508003320073682,8.828768614839691e-10
634,HNU1,BNU3,zscore,-0.030533594922544538,1.0,0.1023367054098921,1.4405490240642675e-09
635,HNU1,BNU3,combat,-0.013404498001565634,1.0,0.11056748928013299,3.318635184870226e-10
636,HNU1,JHNU,raw,0.18597758138135836,1.675304104770997e-16,0.1085398984222241,2.444764791275928e-10
637,HNU1,JHNU,ptr,,,,
638,HNU1,JHNU,zscore,,,,
639,HNU1,JHNU,combat,-0.01525845882620952,1.0,0.10904881133088995,2.2259092657423117e-10
640,HNU1,Utah1,raw,0.32332587781750644,8.657978558547592e-27,0.11880620046547187,6.002209918728431e-11
641,HNU1,Utah1,ptr,-0.036501143919490706,1.0,0.100218641503527,1.711754245498515e-09
642,HNU1,Utah1,zscore,-0.029782756820827015,1.0,0.0985612098368083,2.309278101799315e-09
643,HNU1,Utah1,combat,-0.016853554375752745,1.0,0.10614390500607718,5.874590842142423e-10
644,HNU1,IBATRT,raw,0.19491363672937226,8.808056093303642e-17,0.1023647120498016,1.2904705781024939e-09
645,HNU1,IBATRT,ptr,-0.035921570317161935,1.0,0.10148693856407297,1.5107459672162405e-09
646,HNU1,IBATRT,zscore,-0.031488865884804866,1.0,0.10045110528471485,1.8196056464615554e-09
647,HNU1,IBATRT,combat,-0.016419204441114076,1.0,0.1068623893698505,5.757819312249532e-10
648,HNU1,LMU3,raw,0.25677840612925534,1.5323908798979422e-21,0.11331316299738219,1.8119421395388524e-10
649,HNU1,LMU3,ptr,-0.03732841780510822,1.0,0.1122356099922329,2.1977287791758864e-10
650,HNU1,LMU3,zscore,-0.03224276776106058,1.0,0.1111243464912081,2.6819129720357685e-10
651,HNU1,LMU3,combat,-0.017014438720496752,1.0,0.11757261395782873,8.451601334914208e-11
652,HNU1,SWU1,raw,0.19989292264035247,1.462988406104017e-17,0.1328195438089648,3.009833066586636e-12
653,HNU1,SWU1,ptr,-0.03558321777323629,1.0,0.11177927407771486,1.4252370901743066e-10
654,HNU1,SWU1,zscore,-0.03118143984967481,1.0,0.11224003527790445,1.3095871963651705e-10
655,HNU1,SWU1,combat,-0.01629177155357318,1.0,0.12219745777160647,2.1067889243680692e-11
656,HNU1,IPCAS5,raw,0.1471441475204608,6.743480866688318e-13,0.11097571244412296,3.8734194865013397e-10
657,HNU1,IPCAS5,ptr,,,,
658,HNU1,IPCAS5,zscore,,,,
659,HNU1,IPCAS5,combat,3.2980875004680134e-05,0.31458073342568904,0.10133765744429482,2.1200026652990546e-09
660,IPCAS1,UPSM1,raw,0.3918652705077155,9.43191465488481e-27,0.035922267051381386,0.0007275719602994671
661,IPCAS1,UPSM1,ptr,,,,
662,IPCAS1,UPSM1,zscore,,,,
663,IPCAS1,UPSM1,combat,-0.025535013511976633,1.0,0.03033569359663877,0.0017476342298676263
664,IPCAS1,IACAS,raw,0.35087508021110575,6.207055415873974e-11,0.054943144353419814,0.006040321224840148
665,IPCAS1,IACAS,ptr,,,,
666,IPCAS1,IACAS,zscore,,,,
667,IPCAS1,IACAS,combat,-0.04858290983781332,1.0,0.04845288740065343,0.009291638602584794
668,IPCAS1,BNU3,raw,0.19837680234450505,2.1854592403166425e-06,0.03970217345550047,0.021474904865388326
669,IPCAS1,BNU3,ptr,-0.14021583852629194,1.0,0.026823326571105626,0.04837473702328706
670,IPCAS1,BNU3,zscore,-0.1203053923789817,1.0,0.01967244302531046,0.07711766759104037
671,IPCAS1,BNU3,combat,-0.04237425563034641,1.0,0.026637994924324223,0.048954769237921754
672,IPCAS1,JHNU,raw,0.1123924205480461,0.00014112337350423372,0.0650124156793833,0.0030098465295297304
673,IPCAS1,JHNU,ptr,,,,
674,IPCAS1,JHNU,zscore,,,,
675,IPCAS1,JHNU,combat,-0.039097396136677946,1.0,0.04317341879920871,0.012914312532402158
676,IPCAS1,Utah1,raw,0.492909166202309,6.526783237219707e-14,0.3018351043943471,3.643368002545577e-09
677,IPCAS1,Utah1,ptr,-0.1347448116677989,1.0,-0.04688040809166779,1.0
678,IPCAS1,Utah1,zscore,-0.11330517305395751,1.0,-0.040323828393181944,1.0
679,IPCAS1,Utah1,combat,-0.05220914778401817,1.0,0.0014049603389127544,0.2820146503072358
680,IPCAS1,IBATRT,raw,0.3382438339516545,6.362958316622739e-10,0.06891363520095857,0.0033978207947678567
681,IPCAS1,IBATRT,ptr,-0.12964379819911623,1.0,0.031997489588225195,0.033506239058707275
682,IPCAS1,IBATRT,zscore,-0.11902946394466897,1.0,0.029965772352280436,0.03819684575304198
683,IPCAS1,IBATRT,combat,-0.0488803643610642,1.0,0.043501360073951945,0.016162122274374843
684,IPCAS1,LMU3,raw,0.377756553143969,6.878491081508273e-11,0.13197476486534057,8.175689446279006e-05
685,IPCAS1,LMU3,ptr,-0.1474007471272041,1.0,0.02742285502740668,0.04505675117185603
686,IPCAS1,LMU3,zscore,-0.13083759746821128,1.0,0.028562259386727188,0.04183546076223683
687,IPCAS1,LMU3,combat,-0.05357036952089684,1.0,0.05754006093598999,0.00678354418439888
688,IPCAS1,SWU1,raw,0.2672310742028574,1.021186877379371e-08,0.08527565593217473,0.0008413125037650401
689,IPCAS1,SWU1,ptr,-0.12460924725277336,1.0,0.09333854596025376,0.0005022515823352004
690,IPCAS1,SWU1,zscore,-0.1147741829282596,1.0,0.09657340984938362,0.00040864683746293193
691,IPCAS1,SWU1,combat,-0.04493484047632473,1.0,0.09500559016940645,0.0004515855198131378
692,IPCAS1,IPCAS5,raw,0.15039573509474477,4.516036997099565e-05,0.12467837809220486,0.00018609204453642284
693,IPCAS1,IPCAS5,ptr,,,,
694,IPCAS1,IPCAS5,zscore,,,,
695,IPCAS1,IPCAS5,combat,-0.013487198941774184,1.0,0.02761751559441327,0.04909149928856166
696,UPSM1,IACAS,raw,0.42091440487771664,1.6683280698842933e-28,0.01724085586965749,0.01444762812811973
697,UPSM1,IACAS,ptr,,,,
698,UPSM1,IACAS,zscore,,,,
699,UPSM1,IACAS,combat,-0.022614322219479947,1.0,0.02252291858358374,0.006138723844080357
700,UPSM1,BNU3,raw,0.26748287975748347,3.922088758194149e-18,0.019909926208966,0.0105774633553508
701,UPSM1,BNU3,ptr,,,,
702,UPSM1,BNU3,zscore,,,,
703,UPSM1,BNU3,combat,-0.020835816483560123,1.0,0.022715179009050093,0.006838825782384923
704,UPSM1,JHNU,raw,0.4161174466954585,2.7205451498466686e-28,0.03607724956049229,0.0007101843139335664
705,UPSM1,JHNU,ptr,,,,
706,UPSM1,JHNU,zscore,,,,
707,UPSM1,JHNU,combat,-0.024511963468495608,1.0,0.03166794195830352,0.001416873358757348
708,UPSM1,Utah1,raw,0.12162099450523031,2.8305024566267722e-09,0.038065497628934616,0.000613530432956086
709,UPSM1,Utah1,ptr,,,,
710,UPSM1,Utah1,zscore,,,,
711,UPSM1,Utah1,combat,-0.019494836342003684,1.0,0.01950377412923788,0.01078705910678235
712,UPSM1,IBATRT,raw,0.2134704104133457,6.409222268198147e-15,0.027246365504392488,0.0033085635170750026
713,UPSM1,IBATRT,ptr,,,,
714,UPSM1,IBATRT,zscore,,,,
715,UPSM1,IBATRT,combat,-0.021970537980505828,1.0,0.02929732206133598,0.0024158581084858886
716,UPSM1,LMU3,raw,0.20570815551623836,1.9338510698290623e-14,0.03367537301571389,0.0012404487713702456
717,UPSM1,LMU3,ptr,,,,
718,UPSM1,LMU3,zscore,,,,
719,UPSM1,LMU3,combat,-0.021644645710346962,1.0,0.028262512918139426,0.0028306966122981342
720,UPSM1,SWU1,raw,0.24477562270193104,2.4548570844709223e-17,0.04621914601039034,0.00015118967990365685
721,UPSM1,SWU1,ptr,,,,
722,UPSM1,SWU1,zscore,,,,
723,UPSM1,SWU1,combat,-0.02390489899784597,1.0,0.03954863813857869,0.00042259225989364616
724,UPSM1,IPCAS5,raw,0.26624780374628415,8.004394806577948e-18,0.056364624802702414,5.0110977599748494e-05
725,UPSM1,IPCAS5,ptr,,,,
726,UPSM1,IPCAS5,zscore,,,,
727,UPSM1,IPCAS5,combat,-0.0041476554496500135,1.0,0.015477138083751018,0.022063939748603652
728,IACAS,BNU3,raw,0.3373106912605951,1.126709875842828e-09,0.036410910185572194,0.026919487476825366
729,IACAS,BNU3,ptr,,,,
730,IACAS,BNU3,zscore,,,,
731,IACAS,BNU3,combat,-0.042521576878532474,1.0,0.041291920914234156,0.019927488457812875
732,IACAS,JHNU,raw,0.28434368093898804,3.5851407994208496e-09,0.029594075850547623,0.033467658223247494
733,IACAS,JHNU,ptr,,,,
734,IACAS,JHNU,zscore,,,,
735,IACAS,JHNU,combat,-0.04008994923634166,1.0,0.015978792828656205,0.08849846452896547
736,IACAS,Utah1,raw,0.600866706306386,1.9073035221791843e-16,0.27756567697771634,1.700335176682236e-08
737,IACAS,Utah1,ptr,,,,
738,IACAS,Utah1,zscore,,,,
739,IACAS,Utah1,combat,-0.05176804839526476,1.0,0.02438252194283988,0.05420223441500477
740,IACAS,IBATRT,raw,0.4575452507891838,9.856829969310238e-13,0.04051245855743778,0.019954644260019617
741,IACAS,IBATRT,ptr,,,,
742,IACAS,IBATRT,zscore,,,,
743,IACAS,IBATRT,combat,-0.05067614527740593,1.0,0.04643674413207616,0.013815206301738043
744,IACAS,LMU3,raw,0.34238611763867594,6.004142393632463e-10,0.032385277876170425,0.033305709420189795
745,IACAS,LMU3,ptr,,,,
746,IACAS,LMU3,zscore,,,,
747,IACAS,LMU3,combat,-0.0486081887521897,1.0,0.022835001074467627,0.0617773279744107
748,IACAS,SWU1,raw,0.4233023883233056,9.476437319377083e-13,0.04360227542315231,0.01317790611468206
749,IACAS,SWU1,ptr,,,,
750,IACAS,SWU1,zscore,,,,
751,IACAS,SWU1,combat,-0.04621352826971692,1.0,0.03449786711111822,0.024332877127653064
752,IACAS,IPCAS5,raw,0.33264409020113034,2.8815031516978447e-09,0.169562427268242,1.7305970885311153e-05
753,IACAS,IPCAS5,ptr,,,,
754,IACAS,IPCAS5,zscore,,,,
755,IACAS,IPCAS5,combat,-0.017050874789265,1.0,0.0447438590891384,0.017872358448559583
756,BNU3,JHNU,raw,0.11170810506293302,0.00030094949099890116,0.0257836898355921,0.05172508237911123
757,BNU3,JHNU,ptr,,,,
758,BNU3,JHNU,zscore,,,,
759,BNU3,JHNU,combat,-0.04360271087717176,1.0,0.018672616612844802,0.08241392168995092
760,BNU3,Utah1,raw,0.44300612941246686,1.6899623268853732e-11,0.1735986141664766,1.8287001829466205e-05
761,BNU3,Utah1,ptr,-0.14512967355578993,1.0,-0.042357430215095644,1.0
762,BNU3,Utah1,zscore,-0.11364619708497667,1.0,-0.040126295768621936,1.0
763,BNU3,Utah1,combat,-0.047676703865547454,1.0,-0.010145399652072505,1.0
764,BNU3,IBATRT,raw,0.3091397091360554,2.2157081947337636e-08,0.010845623750183789,0.1509255652846258
765,BNU3,IBATRT,ptr,-0.1396577078834803,1.0,0.01837292752484071,0.09423215957252232
766,BNU3,IBATRT,zscore,-0.12077975029086638,1.0,0.015383688833572242,0.11329825205018196
767,BNU3,IBATRT,combat,-0.03736577205851684,1.0,0.01701896867609055,0.10239368798491265
768,BNU3,LMU3,raw,0.32290418644726276,1.1064581119017976e-08,0.031164044354815304,0.04406481890342767
769,BNU3,LMU3,ptr,-0.15209314393899792,1.0,0.021970532109390907,0.07578230047504353
770,BNU3,LMU3,zscore,-0.12636357924871988,1.0,0.014986388792238107,0.11613644678172635
771,BNU3,LMU3,combat,-0.043534135962556675,1.0,0.021815013141557846,0.07649358346609046
772,BNU3,SWU1,raw,0.10264177558383404,0.0005369759067238477,0.055215314005431795,0.008580907018232418
773,BNU3,SWU1,ptr,-0.12957647307562045,1.0,0.05715307472034012,0.007642544533723978
774,BNU3,SWU1,zscore,-0.1129237128807451,1.0,0.05204287027398122,0.010379431764847333
775,BNU3,SWU1,combat,-0.035836518620512806,1.0,0.05286880266535683,0.009876916581290448
776,BNU3,IPCAS5,raw,0.036567884402796694,0.036700735233026936,0.004838797602686594,0.22930465085594748
777,BNU3,IPCAS5,ptr,,,,
778,BNU3,IPCAS5,zscore,,,,
779,BNU3,IPCAS5,combat,-0.03158044581794574,1.0,-0.010156513233414339,0.7978531624773413
780,JHNU,Utah1,raw,0.5173829200749527,1.6198591464620826e-14,0.1244943341571076,0.00011078694708912404
781,JHNU,Utah1,ptr,,,,
782,JHNU,Utah1,zscore,,,,
783,JHNU,Utah1,combat,-0.047282286709750224,1.0,0.03530895752849753,0.026021295244945532
784,JHNU,IBATRT,raw,0.32538698428187235,1.3139015415374426e-09,0.023696949415960036,0.057548434902440444
785,JHNU,IBATRT,ptr,,,,
786,JHNU,IBATRT,zscore,,,,
787,JHNU,IBATRT,combat,-0.04347602792053756,1.0,0.028617586934595457,0.04168534161046191
788,JHNU,LMU3,raw,0.3371334697004921,6.773986461608076e-10,0.044659346898079856,0.015033581515810215
789,JHNU,LMU3,ptr,,,,
790,JHNU,LMU3,zscore,,,,
791,JHNU,LMU3,combat,-0.047510292648269295,1.0,0.05868293703351283,0.006325615360824167
792,JHNU,SWU1,raw,0.24293156814387729,4.528396088800376e-08,0.1169688897911979,0.00011220926945408246
793,JHNU,SWU1,ptr,,,,
794,JHNU,SWU1,zscore,,,,
795,JHNU,SWU1,combat,-0.036681838254165655,1.0,0.0701078579338329,0.0022385894202180488
796,JHNU,IPCAS5,raw,0.08092402453731364,0.002150886642751507,0.043461185873779506,0.018800652864884214
797,JHNU,IPCAS5,ptr,,,,
798,JHNU,IPCAS5,zscore,,,,
799,JHNU,IPCAS5,combat,-0.013991290134553601,1.0,0.030454457044246756,0.04121231115248137
800,Utah1,IBATRT,raw,0.41175797440228945,5.475907938662381e-11,0.13616880084972863,0.00011401279304648285
801,Utah1,IBATRT,ptr,-0.1309474864080808,1.0,-0.024914066829493,1.0
802,Utah1,IBATRT,zscore,-0.11158708104429443,1.0,-0.021870999826916114,1.0
803,Utah1,IBATRT,combat,-0.04629533131816123,1.0,5.379427050777488e-06,0.3171777745645762
804,Utah1,LMU3,raw,0.40186971173680125,9.170805040151848e-11,0.07745795611361407,0.0028505955752153515
805,Utah1,LMU3,ptr,-0.14630176506783926,1.0,-0.009023199414772623,0.7777944788186438
806,Utah1,LMU3,zscore,-0.1193638404704386,1.0,-0.003688430542102906,0.42964604164700715
807,Utah1,LMU3,combat,-0.04269159597378392,1.0,0.018054895047542197,0.09185275065616687
808,Utah1,SWU1,raw,0.3793684875072957,5.1749680216471413e-11,0.27510484180555755,1.9571253026278097e-08
809,Utah1,SWU1,ptr,-0.12973436661964957,1.0,-0.00954518575763999,1.0
810,Utah1,SWU1,zscore,-0.11005966769478723,1.0,-5.726494333536114e-06,0.31746436324339133
811,Utah1,SWU1,combat,-0.04772823799698059,1.0,0.05143399599189641,0.009591816820227222
812,Utah1,IPCAS5,raw,,,,
813,Utah1,IPCAS5,ptr,,,,
814,Utah1,IPCAS5,zscore,,,,
815,Utah1,IPCAS5,combat,,,,
816,IBATRT,LMU3,raw,0.335998427553391,4.049389985225267e-09,0.03388572567437207,0.03618059257554362
817,IBATRT,LMU3,ptr,-0.1431155474628229,1.0,0.0254028836166483,0.059895047495704457
818,IBATRT,LMU3,zscore,-0.12858372204208252,1.0,0.027224383955393228,0.05368591624002495
819,IBATRT,LMU3,combat,-0.050660194754846864,1.0,0.02895730291686691,0.048408988566350585
820,IBATRT,SWU1,raw,0.3081152835013049,4.0812946552785e-09,0.08080173594804983,0.0017381207831660204
821,IBATRT,SWU1,ptr,-0.12508873017626654,1.0,0.05185109088665308,0.009905743375847542
822,IBATRT,SWU1,zscore,-0.11572043733765168,1.0,0.05912603545025338,0.006362218473713154
823,IBATRT,SWU1,combat,-0.04572057078621141,1.0,0.06063815052109536,0.0058059700776217525
824,IBATRT,IPCAS5,raw,0.2506094590069497,7.213295826916268e-07,0.08416397574302588,0.002833937921392163
825,IBATRT,IPCAS5,ptr,,,,
826,IBATRT,IPCAS5,zscore,,,,
827,IBATRT,IPCAS5,combat,-0.004384764046725792,0.44325862785320524,0.015047554792061574,0.12021864005522598
828,LMU3,SWU1,raw,0.3685880016070088,1.3911374891128388e-10,0.18112822436622322,5.252386685375142e-06
829,LMU3,SWU1,ptr,-0.13635624955839576,1.0,0.09217146784197414,0.0008884567780910987
830,LMU3,SWU1,zscore,-0.12269634167706352,1.0,0.1007911071307112,0.0005359508571068087
831,LMU3,SWU1,combat,-0.047875082759387365,1.0,0.11065675614420366,0.0003014140315150155
832,LMU3,IPCAS5,raw,0.3015310012412169,6.06065551884865e-08,0.04454147854255981,0.022757789341127783
833,LMU3,IPCAS5,ptr,,,,
834,LMU3,IPCAS5,zscore,,,,
835,LMU3,IPCAS5,combat,-0.017034097366004593,1.0,0.003389754338372104,0.25083682968279564
836,SWU1,IPCAS5,raw,0.09214170247952337,0.001199837034346955,0.09327171109326358,0.0011266116868846468
837,SWU1,IPCAS5,ptr,,,,
838,SWU1,IPCAS5,zscore,,,,
839,SWU1,IPCAS5,combat,-0.015888019406764,1.0,0.02748913282111715,0.05030148119470474
